Dive_Id,Date,TC (AKDT),Start_End,Comments,YE count
2023_EYKT_Dive_01,8/18/2023,7:35:32 AM,Start,"halibut, no RF",
,,8:13:25 AM,End,,
2023_EYKT_Dive_02,8/18/2023,8:40:30 AM,Start,,
,,9:20:25 AM,End,,
2023_EYKT_Dive_03,8/18/2023,10:43:13 AM,Start,,
,,11:05:59 AM,,Lingcod,
,,11:11:41 AM,,Lingcod,
,,11:24:37 AM,End,,
2023_EYKT_Dive_04,8/18/2023,12:08:30 PM,Start,,
,,12:12:10 PM,,YE,2
,,12:13:55 PM,,YE,2
,,12:25:27 PM,,YE,1
,,12:32:33 PM,,YE,1
,,12:51:17 PM,End,,
2023_EYKT_Dive_05,8/18/2023,1:32:16 PM,Start,,
,,1:32:33 PM,,YE,4
,,1:34:52 PM,,YE,1
,,1:36:40 PM,,YE,1
,,1:39:19 PM,,YE,2
,,1:45:22 PM,,YE,1
,,1:46:02 PM,,YE,2
,,1:46:53 PM,,YE,1
,,1:50:33 PM,,YE,2
,,1:51:56 PM,,YE,1
,,2:03:32 PM,,YE,1
,,2:07:28 PM,,YE,1
,,2:08:23 PM,,YE,1
,,2:08:56 PM,,YE,2
,,2:16:34 PM,,YE,2
,,2:19:18 PM,End,,
2023_EYKT_Dive_06,8/18/2023,3:12:40 PM,Start,,
,,3:14:17 PM,,YE,1
,,3:22:24 PM,,YE,1
,,3:27:31 PM,,YE,1
,,3:34:44 PM,,YE,1
,,3:35:03 PM,,YE,1
,,3:36:34 PM,,YE,1
,,3:36:46 PM,,YE,1
,,3:37:10 PM,,YE,1
,,3:39:36 PM,,YE,1
,,3:51:09 PM,End,,
2023_EYKT_Dive_07,8/18/2023,4:29:51 PM,Start,,
,,4:35:29 PM,,YE,1
,,4:50:22 PM,,YE,1
,,4:51:00 PM,,YE,1
,,4:53:16 PM,,YE,1
,,5:01:34 PM,,YE,1
,,5:07:34 PM,End,,
2023_EYKT_Dive_08,8/18/2023,6:07:36 PM,Start,,
,,6:08:26 PM,,YE,4
,,6:18:28 PM,,YE,2
,,6:25:02 PM,,YE,1
,,6:51:01 PM,End,,
2023_EYKT_Dive_9,8/19/2023,7:04:58 AM,Start,,
,,7:14:24 AM,,YE,1
,,7:27:20 AM,,YE,1
,,7:43:11 AM,End,,
2023_EYKT_Dive_10,8/19/2023,8:25:32 AM,Start,Lots of lingcod on transect,
,,8:25:59 AM,,YE,1
,,8:26:16 AM,,YE,1
,,8:26:59 AM,,YE,1
,,8:29:42 AM,,YE,1
,,8:32:05 AM,,YE,2
,,8:40:37 AM,,YE,1
,,8:43:04 AM,,YE,1
,,8:43:04 AM,,YE,1
,,8:46:36 AM,,YE,1
,,8:49:54 AM,,YE,1
,,8:50:55 AM,,YE,1
,,8:51:41 AM,,YE,1
,,8:54:49 AM,,YE,1
,,8:56:30 AM,,YE,1
,,8:57:06 AM,,YE,1
,,8:58:41 AM,,YE,1
,,8:59:54 AM,,YE,1
,,9:00:56 AM,,YE,1
,,9:02:57 AM,End,,
2023_EYKT_Dive_11,8/19/2023,10:11:03 AM,Start,,
,,10:11:57 AM,,YE,1
,,10:12:21 AM,,YE,1
,,10:17:38 AM,,YE,1
,,10:24:58 AM,,YE,1
,,10:33:14 AM,,YE,1
,,10:37:31 AM,,YE,1
,,10:44:48 AM,,YE,1
,,10:48:12 AM,End,,
2023_EYKT_Dive_12,8/19/2023,11:20:16 AM,Start,,
,,11:24:50 AM,,YE,1
,,11:26:02 AM,,YE,1
,,11:27:04 AM,,YE,1
,,11:32:42 AM,,YE,1
,,11:35:52 AM,,YE,1
,,11:38:13 AM,,YE,1
,,11:39:34 AM,,YE,1
,,11:41:51 AM,,YE,1
,,11:46:00 AM,,YE,1
,,11:52:00 AM,,YE,1
,,11:55:44 AM,,YE,1
,,11:56:33 AM,,YE,1
,,11:58:33 AM,End,,
2023_EYKT_Dive_13,8/19/2023,2:11:21 PM,Start,YE,1
,,2:36:08 PM,,YE,1
,,2:48:46 PM,End,,
2023_EYKT_Dive_14,8/19/2023,3:22:41 PM,Start,,
,,3:23:26 PM,,YE,1
,,3:28:50 PM,,YE,1
,,3:34:22 PM,,YE,1
,,3:37:49 PM,,YE,1
,,3:43:52 PM,,YE,1
,,3:49:49 PM,,YE,1
,,3:50:37 PM,,YE,1
,,3:51:00 PM,,YE,1
,,3:52:03 PM,,YE,1
,,3:52:59 PM,,YE,1
,,3:53:42 PM,,YE,2
,,3:54:39 PM,,YE,5
,,3:56:28 PM,,YE,1
,,3:56:49 PM,,YE,4
,,3:57:35 PM,,YE,1
,,4:03:52 PM,End,,
2023_EYKT_Dive_15,8/19/2023,4:11:20 PM,Start,,
,,4:39:50 PM,,YE,2
,,4:40:52 PM,End,,
2023_EYKT_Dive_16,8/19/2023,5:39:07 PM,Start,,
,,5:49:24 PM,,YE,1
,,5:53:45 PM,,YE,1
,,6:00:51 PM,,YE,1
,,6:01:18 PM,,YE,1
,,6:04:21 PM,,YE,1
,,6:10:12 PM,,YE,1
,,6:17:28 PM,,YE,1
,,6:19:29 PM,,YE,1
,,6:21:27 PM,,YE,1
,,6:21:57 PM,,YE,1
,,6:22:46 PM,,YE,1
,,6:24:24 PM,,YE,1
,,6:25:21 PM,End,,
2023_EYKT_Dive_17,8/19/2023,7:14:53 PM,Start,,
,,7:22:05 PM,,adjust to NW line,
,,7:23:00 PM,,YE,1
,,7:23:34 PM,,YE,1
,,7:28:44 PM,,YE,1
,,7:36:18 PM,,YE,1
,,7:37:35 PM,,YE,1
,,7:39:17 PM,,YE,1
,,7:43:46 PM,,YE,1
,,7:47:20 PM,End,,
2023_EYKT_Dive_18,8/20/2023,7:01:53 AM,Start,,
,,7:06:35 AM,,YE,1
,,7:07:04 AM,,YE,2
,,7:13:23 AM,,YE,1
,,7:24:59 AM,Stop,"reposition due to umbilical hang up on clump line, pause transect",
,,7:28:28 AM,Resume,resume transect,
,,7:35:04 AM,,YE,1
,,7:37:15 AM,,YE,1
,,7:39:29 AM,End,,
2023_EYKT_Dive_19,8/20/2023,8:21:06 AM,Start,,
,,8:30:54 AM,,YE,1
,,8:34:57 AM,,YE,1
,,8:38:09 AM,,YE,1
,,8:46:15 AM,,YE,1
,,8:46:47 AM,,YE,1
,,8:49:01 AM,,YE,1
,,8:49:43 AM,,YE,1
,,8:53:44 AM,,YE,1
,,8:54:17 AM,,YE,1
,,8:55:23 AM,,YE,1
,,8:58:55 AM,End,,
2023_EYKT_Dive_20,8/20/2023,10:11:23 AM,Start,,
,,10:14:00 AM,,YE,1
,,10:19:43 AM,End,Back to the surface,
2023_EYKT_Dive_21,8/20/2023,11:25:19 AM,Start,,
,,11:30:29 AM,,YE,2
,,11:32:23 AM,,YE,1
,,11:32:34 AM,,YE,1
,,11:33:14 AM,,YE,2
,,11:33:24 AM,,YE,2
,,11:40:54 AM,,YE,1
,,11:41:41 AM,,YE,1
,,11:42:03 AM,,YE,1
,,11:44:38 AM,,YE,1
,,11:47:26 AM,,YE,1
,,11:48:21 AM,,YE,1
,,11:50:48 AM,,YE,1
,,11:51:00 AM,,YE,1
,,11:51:17 AM,,YE,1
,,11:51:29 AM,,YE,1
,,11:52:01 AM,,YE,1
,,11:53:12 AM,,YE,1
,,11:53:45 AM,,YE,2
,,11:55:15 AM,,YE,1
,,11:55:15 AM,,YE,1
,,11:59:21 AM,End,,
2023_EYKT_Dive_22,8/20/2023,12:45:18 PM,Start,,
,,1:07:00 PM,,YE,1
,,1:18:32 PM,End,,
2023_EYKT_Dive_23,8/20/2023,3:44:33 PM,Start,YE,1
,,3:46:47 PM,,YE,1
,,3:51:49 PM,,YE,1
,,3:53:37 PM,,YE,1
,,3:55:53 PM,,YE,1
,,3:57:22 PM,,YE,1
,,3:58:47 PM,,YE,1
,,3:59:35 PM,,YE,1
,,4:00:45 PM,,YE,1
,,4:01:42 PM,,YE,2
,,4:05:57 PM,,YE,1
,,4:08:52 PM,,YE,1
,,4:10:08 PM,,YE,1
,,4:13:50 PM,End,,
2023_EYKT_Dive_24,8/20/2023,4:44:45 PM,Start,,
,,4:54:33 PM,,YE,2
,,4:56:26 PM,,YE,2
,,4:57:25 PM,,YE,1
,,4:57:35 PM,,YE,1
,,4:59:16 PM,,YE,1
,,4:59:59 PM,,YE,1
,,5:00:33 PM,,YE,1
,,5:01:17 PM,,YE,1
,,5:01:17 PM,,YE,1
,,5:02:23 PM,,YE,1
,,5:04:00 PM,,YE,1
,,5:04:50 PM,,YE,1
,,5:04:50 PM,,YE,1
,,5:07:47 PM,,YE,1
,,5:09:24 PM,,YE,1
,,5:09:41 PM,,YE,1
,,5:14:18 PM,,YE,1
,,5:14:58 PM,,YE,1
,,5:17:42 PM,End,,
