Dive_Id,Date,TC (UTC),Start_End,Comments,YE count,,,
2022_NSEO_Dive_01,6/1/2022,15:44,Start,,,,,
,,16:18,End,,,,,
,,,,,,,,
2022_NSEO_Dive_02,6/2/2022,8:15,Start,,,,,
,,8:34,,YE,1,,,
,,8:39,,YE,1,,,
,,9:00,End,,,,,
,,,,,,,,
2022_NSEO_Dive_03,6/2/2022,9:41,Start,,,,,
,,10:05,End,,,,,
,,,,,,,,
2022_NSEO_Dive_04,6/2/2022,10:44,Start,,,,,
,,11:22,End,,,,,
,,,,,,,,
2022_NSEO_Dive_05,6/2/2022,12:26,Start,,,,,
,,12:52,,YE,1,,,
,,12:54,,YE,1,,,
,,12:57,,YE,1,,,
,,13:08,End,,,,,
,,,,,,,,
2022_NSEO_Dive_06,6/2/2022,14;07,Start,,,,,
,,14:14,,YE,1,,,
,,14:16,,YE,1,,,
,,14:19,,YE,1,,,
,,14:31,,YE,1,,,
,,14:35,,YE,1,,,
,,14:38,,YE,1,,,
,,14:39,,YE,1,,,
,,14:45,,YE,1,,,
,,14:52,,,,,,
,,,,,,,,
2022_NSEO_Dive_07,6/2/2022,15:38,Start,,,,,
,,16:04,,YE,1,,,
,,16:14,,YE,2,,,
,,16:19,,YE,1,,,
,,16:21,,YE,1,,,
,,16:31,End,,,,,
,,,,,,,,
2022_NSEO_Dive_08,6/3/2022,14:21,Start,,,,,
,,14:29,,YE,1,,,
,,15:08,End,,,,,
,,,,,,,,
2022_NSEO_Dive_09,6/3/2022,15:37,Start,,,,,
,,15:53,,YE,1,,,
,,15:58,,YE,1,,,
,,16:09,,YE,1,,,
,,16:18,,YE,1,,,
,,16:27,End,,,,,
,,,,,,,,
2022_NSEO_Dive_10,6/3/2022,17:16,Start,,,,,
,,17:27,,YE,1,,,
,,17:47,,YE,1,,,
,,18:02,End,,,,,
,,,,,,,,
2022_NSEO_Dive_11,6/4/2022,8:00,Start,,,,,
,,8:26,,YE,1,,,
,,8:42,,,,,,
,,,,,,,,
2022_NSEO_Dive_12,6/4/2022,10:02,Start,,,,,
,,10:22,,Lots of CN,,,,
,,10:44,End,,,,,
,,,,,,,,
2022_NSEO_Dive_13,6/5/2022,6:49,Start,,,,,
,,7:01,,YE,1,,,
,,7:21,,YE,1,,,
,,7:24,End,,,,,
,,,,,,,,
2022_NSEO_Dive_14,6/5/2022,7:55,Start,,,,,
,,8:04,,"Pause, tracking issues, restart",,,,
,,8:09,,YE,1,,,
,,8:14,,"Pause, tracking issues",,,,
,,8:14,,Restart,,,,
,,8:42,End,,,,,
,,,,,,,,
2022_NSEO_Dive_15,6/5/2022,9:14,Start,,,,,
,,9:22,,YE,2,,,
,,9:33,,YE,1,,,
,,9:35,,YE,1,,,
,,9:43,,YE,2,,,
,,9:43,,YE,1,,,
,,9:48,,YE,1,,,
,,9:53,,YE,1,,,
,,9:55,,YE,1,,,
,,9:56,End,,,,,
,,,,,,,,
2022_NSEO_Dive_16,6/5/2022,10:28,Start,Halibut ,,,,
,,11:02,End,,,,,
,,,,,,,,
2022_NSEO_Dive_17,6/5/2022,11:44,Start,Lots of halibut,,,,
,,12:20,End,,,,,
,,,,,,,,
2022_NSEO_Dive_18,6/5/2022,13:18,Start,,,,,
,,13:38,,YE,1,,,
,,13:39,,YE,1,,,
,,13:52,End,,,,,
,,,,,,,,
2022_NSEO_Dive_19,6/5/2022,14:27,Start,,,,,
,,14:23,,YE,1,,,
,,15:00,End,,,,,
,,,,,,,,
2022_NSEO_Dive_20,6/5/2022,15:40,Start,,,,,
,,15:43,,YE,1,,,
,,13:47,,Shark,1,,,
,,16:00,,YE,1,,,
,,16:14,,YE,2,,,
,,16:15,,YE,1,,,
,,16:16,,YE,1,,,
,,14:18,,YE,1,,,
,,16:22,End,,,,,
,,,,,,,,
2022_NSEO_Dive_21,6/5/2022,16:59,Start,,,,,
,,17:01,,YE,2,,,
,,17:11,,YE,1,,,
,,17:12,,YE,1,,,
,,14:18,,Pause,,,,
,,17:20,,Resume,,,,
,,17:34,,YE,1,,,
,,17:36,,YE,1,,,
,,17:42,,YE,1,,,
,,17:43,,YE,1,,,
,,17:46,,YE,1,,,
,,17:48,End,,,,,
,,,,,,,,
2022_NSEO_Dive_22,6/6/2022,8:06,Start,,,,,
,,8:14,,YE,1,,,
,,8:18,,YE,1,,,
,,8:47,End,,,,,
,,,,,,,,
2022_NSEO_Dive_23,6/6/2022,9:24,Start,,,,,
,,9:27,,YE,1,,,
,,9:44,,YE,1,,,
,,10:01,End,,,,,
,,,,,,,,
2022_NSEO_Dive_24,6/6/2022,10:58,Start,,,,,
,,11:04,,YE,2,,,
,,11:07,,YE,1,,,
,,11:13,,YE,1,,,
,,11:29,,YE,1,,,
,,11:34,,YE,1,,,
,,11:37,,,,,,
,,,,,,,,
2022_NSEO_Dive_25,6/6/2022,12:33,Start,,,,,
,,13:00,,YE,1,,,
,,13:12,,YE,1,,,
,,13:14,End,,,,,
,,,,,,,,
2022_NSEO_Dive_26,6/6/2022,13:54,Start,,,,,
,,14:05,,YE,1,,,
,,14:30,End,,,,,
,,,,,,,,
2022_NSEO_Dive_27,6/6/2022,15:57,Start,,,,,
,,13:57,,YE,1,,,
,,16:04,,YE,1,,,
,,16:07,,YE,1,,,
,,16:11,,YE,1,,,
,,14:17,,YE,1,,,
,,16:21,,YE,1,,,
,,16:34,,YE,2,,,
,,16:39,End,,,,,
,,,,,,,,
2022_NSEO_Dive_28,6/7/2022,8:32,Start,,,,,
,,8:56,,YE,1,,,
,,9:09,End,,,,,
,,,,,,,,
2022_NSEO_Dive_29,6/7/2022,9:38,Start,,,,,
,,9:57,,YE,1,,,
,,10:00,,YE,1,,,
,,10:03,,YE,1,,,
,,10:11,,YE,1,,,
,,10:13,End,,,,,
,,,,,,,,
2022_NSEO_Dive_30,6/7/2022,11:20,Start,,,,,
,,11:51,,YE,2,,,
,,11:54,,YE,1,,,
,,12:01,,YE,1,,,
,,12:09,,YE,1,,,
,,12:12,End,,,,,
,,,,,,,,
2022_NSEO_Dive_31,6/7/2022,13:31,Start,,,,,
,,13:33,,YE,1,,,
,,13:35,,YE,1,,,
,,13:37,,YE,2,,,
,,14:02,,YE,1,,,
,,14:06,End,,,,,
,,,,,,,,
2022_NSEO_Dive_32,6/7/2022,15:41,Start,,,,,
,,16:13,,YE,1,,,
,,16:27,End,,,,,
,,,,,,,,
2022_NSEO_Dive_33,6/8/2022,10:02,Start,,,,,
,,10:49,End,,,,,
,,,,,,,,
2022_NSEO_Dive_34,6/8/2022,11:24,Start,,,,,
,,12:04,End,,,,,
,,,,,,,,
2022_NSEO_Dive_35,6/8/2022,12;38,Start,,,,,
,,12:42,,YE,1,,,
,,12:54,,YE,1,,,
,,13:34,End,,,,,
,,,,,,,,
,,,,,,,,
,,,,,,,,
,,,,,,,,
,,,,,,,,
,,,,,,,,
,,,,,,,,
,,,,,,,,
,,,,,,,,
,,,,,,,,
,,,,,,,,
,,,,,,,,
,,,,,,,,
,,,,,,,,
,,,,,,,,
,,,,,,,,
,,,,,,,,
,,,,,,,,
,,,,,,,,
,,,,,,,,
,,,,,,,,
,,,,,,,,
,,,,,,,,
,,,,,,,,
,,,,,,,,
,,,,,,,,
,,,,,,,,
,,,,,,,,
,,,,,,,,
,,,,,,,,
,,,,,,,,
,,,,,,,,
,,,,,,,,
,,,,,,,,
,,,,,,,,
,,,,,,,,
,,,,,,,,
,,,,,,,,
,,,,,,,,
,,,,,,,,
,,,,,,,,
,,,,,,,,
,,,,,,,,
,,,,,,,,
,,,,,,,,
,,,,,,,,
,,,,,,,,
,,,,,,,,
,,,,,,,,
,,,,,,,,
,,,,,,,,
,,,,,,,,
,,,,,,,,
,,,,,,,,
,,,,,,,,
,,,,,,,,
,,,,,,,,
,,,,,,,,
,,,,,,,,
,,,,,,,,
,,,,,,,,
,,,,,,,,
,,,,,,,,
,,,,,,,,
,,,,,,,,
,,,,,,,,
,,,,,,,,
,,,,,,,,
,,,,,,,,
,,,,,,,,
,,,,,,,,
,,,,,,,,
,,,,,,,,
,,,,,,,,
,,,,,,,,
,,,,,,,,
,,,,,,,,
,,,,,,,,
,,,,,,,,
,,,,,,,,
,,,,,,,,
,,,,,,,,
,,,,,,,,
,,,,,,,,
,,,,,,,,
,,,,,,,,
,,,,,,,,
,,,,,,,,
,,,,,,,,
,,,,,,,,
,,,,,,,,
,,,,,,,,
,,,,,,,,
,,,,,,,,
,,,,,,,,
,,,,,,,,
,,,,,,,,
,,,,,,,,
,,,,,,,,
,,,,,,,,
,,,,,,,,
,,,,,,,,
,,,,,,,,
,,,,,,,,
,,,,,,,,
,,,,,,,,
,,,,,,,,
,,,,,,,,
,,,,,,,,
,,,,,,,,
,,,,,,,,
,,,,,,,,
,,,,,,,,
,,,,,,,,
,,,,,,,,
,,,,,,,,
,,,,,,,,
,,,,,,,,
,,,,,,,,
,,,,,,,,
,,,,,,,,
,,,,,,,,
,,,,,,,,
,,,,,,,,
,,,,,,,,
,,,,,,,,
,,,,,,,,
,,,,,,,,
,,,,,,,,
,,,,,,,,
,,,,,,,,
,,,,,,,,
,,,,,,,,
,,,,,,,,
,,,,,,,,
,,,,,,,,
,,,,,,,,
,,,,,,,,
,,,,,,,,
,,,,,,,,
,,,,,,,,
,,,,,,,,
,,,,,,,,
,,,,,,,,
,,,,,,,,
,,,,,,,,
,,,,,,,,
,,,,,,,,
,,,,,,,,
,,,,,,,,
,,,,,,,,
,,,,,,,,
,,,,,,,,
,,,,,,,,
,,,,,,,,
,,,,,,,,
,,,,,,,,
,,,,,,,,
,,,,,,,,
,,,,,,,,
,,,,,,,,
,,,,,,,,
,,,,,,,,
,,,,,,,,
,,,,,,,,
,,,,,,,,
,,,,,,,,
,,,,,,,,
,,,,,,,,
,,,,,,,,
,,,,,,,,
,,,,,,,,
,,,,,,,,
,,,,,,,,
,,,,,,,,
,,,,,,,,
,,,,,,,,
,,,,,,,,
,,,,,,,,
,,,,,,,,
,,,,,,,,
,,,,,,,,
,,,,,,,,
,,,,,,,,
,,,,,,,,
,,,,,,,,
,,,,,,,,
,,,,,,,,
,,,,,,,,
,,,,,,,,
,,,,,,,,
,,,,,,,,
,,,,,,,,
,,,,,,,,
,,,,,,,,
,,,,,,,,
,,,,,,,,
,,,,,,,,
,,,,,,,,
,,,,,,,,
,,,,,,,,
,,,,,,,,
,,,,,,,,
,,,,,,,,
,,,,,,,,
,,,,,,,,
,,,,,,,,
,,,,,,,,
,,,,,,,,
,,,,,,,,
,,,,,,,,
,,,,,,,,
,,,,,,,,
,,,,,,,,
,,,,,,,,
,,,,,,,,
,,,,,,,,
,,,,,,,,
,,,,,,,,
,,,,,,,,
,,,,,,,,
,,,,,,,,
,,,,,,,,
,,,,,,,,
,,,,,,,,
,,,,,,,,
,,,,,,,,
,,,,,,,,
,,,,,,,,
,,,,,,,,
,,,,,,,,
,,,,,,,,
,,,,,,,,
,,,,,,,,
,,,,,,,,
,,,,,,,,
,,,,,,,,
,,,,,,,,
,,,,,,,,
,,,,,,,,
,,,,,,,,
,,,,,,,,
,,,,,,,,
,,,,,,,,
,,,,,,,,
,,,,,,,,
,,,,,,,,
,,,,,,,,
,,,,,,,,
,,,,,,,,
,,,,,,,,
,,,,,,,,
,,,,,,,,
,,,,,,,,
,,,,,,,,
,,,,,,,,
,,,,,,,,
,,,,,,,,
,,,,,,,,
,,,,,,,,
,,,,,,,,
,,,,,,,,
,,,,,,,,
,,,,,,,,
,,,,,,,,
,,,,,,,,
,,,,,,,,
,,,,,,,,
,,,,,,,,
,,,,,,,,
,,,,,,,,
,,,,,,,,
,,,,,,,,
,,,,,,,,
,,,,,,,,
,,,,,,,,
,,,,,,,,
,,,,,,,,
,,,,,,,,
,,,,,,,,
,,,,,,,,
,,,,,,,,
,,,,,,,,
,,,,,,,,
,,,,,,,,
,,,,,,,,
,,,,,,,,
,,,,,,,,
,,,,,,,,
,,,,,,,,
,,,,,,,,
,,,,,,,,
,,,,,,,,
,,,,,,,,
,,,,,,,,
,,,,,,,,
,,,,,,,,
,,,,,,,,
,,,,,,,,
,,,,,,,,
,,,,,,,,
,,,,,,,,
,,,,,,,,
,,,,,,,,
,,,,,,,,
,,,,,,,,
,,,,,,,,
,,,,,,,,
,,,,,,,,
,,,,,,,,
,,,,,,,,
,,,,,,,,
,,,,,,,,
,,,,,,,,
,,,,,,,,
,,,,,,,,
,,,,,,,,
,,,,,,,,
,,,,,,,,
,,,,,,,,
,,,,,,,,
,,,,,,,,
,,,,,,,,
,,,,,,,,
,,,,,,,,
,,,,,,,,
,,,,,,,,
,,,,,,,,
,,,,,,,,
,,,,,,,,
,,,,,,,,
,,,,,,,,
,,,,,,,,
,,,,,,,,
,,,,,,,,
,,,,,,,,
,,,,,,,,
,,,,,,,,
,,,,,,,,
,,,,,,,,
,,,,,,,,
,,,,,,,,
,,,,,,,,
,,,,,,,,
,,,,,,,,
,,,,,,,,
,,,,,,,,
,,,,,,,,
,,,,,,,,
,,,,,,,,
,,,,,,,,
,,,,,,,,
,,,,,,,,
,,,,,,,,
,,,,,,,,
,,,,,,,,
,,,,,,,,
,,,,,,,,
,,,,,,,,
,,,,,,,,
,,,,,,,,
,,,,,,,,
,,,,,,,,
,,,,,,,,
,,,,,,,,
,,,,,,,,
,,,,,,,,
,,,,,,,,
,,,,,,,,
,,,,,,,,
,,,,,,,,
,,,,,,,,
,,,,,,,,
,,,,,,,,
,,,,,,,,
,,,,,,,,
,,,,,,,,
,,,,,,,,
,,,,,,,,
,,,,,,,,
,,,,,,,,
,,,,,,,,
,,,,,,,,
,,,,,,,,
,,,,,,,,
,,,,,,,,
,,,,,,,,
,,,,,,,,
,,,,,,,,
,,,,,,,,
,,,,,,,,
,,,,,,,,
,,,,,,,,
,,,,,,,,
,,,,,,,,
,,,,,,,,
,,,,,,,,
,,,,,,,,
,,,,,,,,
,,,,,,,,
,,,,,,,,
,,,,,,,,
,,,,,,,,
,,,,,,,,
,,,,,,,,
,,,,,,,,
,,,,,,,,
,,,,,,,,
,,,,,,,,
,,,,,,,,
,,,,,,,,
,,,,,,,,
,,,,,,,,
,,,,,,,,
,,,,,,,,
,,,,,,,,
,,,,,,,,
,,,,,,,,
,,,,,,,,
,,,,,,,,
,,,,,,,,
,,,,,,,,
,,,,,,,,
,,,,,,,,
,,,,,,,,
,,,,,,,,
,,,,,,,,
,,,,,,,,
,,,,,,,,
,,,,,,,,
,,,,,,,,
,,,,,,,,
,,,,,,,,
,,,,,,,,
,,,,,,,,
,,,,,,,,
,,,,,,,,
,,,,,,,,
,,,,,,,,
,,,,,,,,
,,,,,,,,
,,,,,,,,
,,,,,,,,
,,,,,,,,
,,,,,,,,
,,,,,,,,
,,,,,,,,
,,,,,,,,
,,,,,,,,
,,,,,,,,
,,,,,,,,
,,,,,,,,
,,,,,,,,
,,,,,,,,
,,,,,,,,
,,,,,,,,
,,,,,,,,
,,,,,,,,
,,,,,,,,
,,,,,,,,
,,,,,,,,
,,,,,,,,
,,,,,,,,
,,,,,,,,
,,,,,,,,
,,,,,,,,
,,,,,,,,
,,,,,,,,
,,,,,,,,
,,,,,,,,
,,,,,,,,
,,,,,,,,
,,,,,,,,
,,,,,,,,
,,,,,,,,
,,,,,,,,
,,,,,,,,
,,,,,,,,
,,,,,,,,
,,,,,,,,
,,,,,,,,
,,,,,,,,
,,,,,,,,
,,,,,,,,
,,,,,,,,
,,,,,,,,
,,,,,,,,
,,,,,,,,
,,,,,,,,
,,,,,,,,
,,,,,,,,
,,,,,,,,
,,,,,,,,
,,,,,,,,
,,,,,,,,
,,,,,,,,
,,,,,,,,
,,,,,,,,
,,,,,,,,
,,,,,,,,
,,,,,,,,
,,,,,,,,
,,,,,,,,
,,,,,,,,
,,,,,,,,
,,,,,,,,
,,,,,,,,
,,,,,,,,
,,,,,,,,
,,,,,,,,
,,,,,,,,
,,,,,,,,
,,,,,,,,
,,,,,,,,
,,,,,,,,
,,,,,,,,
,,,,,,,,
,,,,,,,,
,,,,,,,,
,,,,,,,,
,,,,,,,,
,,,,,,,,
,,,,,,,,
,,,,,,,,
,,,,,,,,
,,,,,,,,
,,,,,,,,
,,,,,,,,
,,,,,,,,
,,,,,,,,
,,,,,,,,
,,,,,,,,
,,,,,,,,
,,,,,,,,
,,,,,,,,
,,,,,,,,
,,,,,,,,
,,,,,,,,
,,,,,,,,
,,,,,,,,
,,,,,,,,
,,,,,,,,
,,,,,,,,
,,,,,,,,
,,,,,,,,
,,,,,,,,
,,,,,,,,
,,,,,,,,
,,,,,,,,
,,,,,,,,
,,,,,,,,
,,,,,,,,
,,,,,,,,
,,,,,,,,
,,,,,,,,
,,,,,,,,
,,,,,,,,
,,,,,,,,
,,,,,,,,
,,,,,,,,
,,,,,,,,
,,,,,,,,
,,,,,,,,
,,,,,,,,
,,,,,,,,
,,,,,,,,
,,,,,,,,
,,,,,,,,
,,,,,,,,
,,,,,,,,
,,,,,,,,
,,,,,,,,
,,,,,,,,
,,,,,,,,
,,,,,,,,
,,,,,,,,
,,,,,,,,
,,,,,,,,
,,,,,,,,
,,,,,,,,
,,,,,,,,
,,,,,,,,
,,,,,,,,
,,,,,,,,
,,,,,,,,
,,,,,,,,
,,,,,,,,
,,,,,,,,
,,,,,,,,
,,,,,,,,
,,,,,,,,
,,,,,,,,
,,,,,,,,
,,,,,,,,
,,,,,,,,
,,,,,,,,
,,,,,,,,
,,,,,,,,
,,,,,,,,
,,,,,,,,
,,,,,,,,
,,,,,,,,
,,,,,,,,
,,,,,,,,
,,,,,,,,
,,,,,,,,
,,,,,,,,
,,,,,,,,
,,,,,,,,
,,,,,,,,
,,,,,,,,
,,,,,,,,
,,,,,,,,
,,,,,,,,
,,,,,,,,
,,,,,,,,
,,,,,,,,
,,,,,,,,
,,,,,,,,
,,,,,,,,
,,,,,,,,
,,,,,,,,
,,,,,,,,
,,,,,,,,
,,,,,,,,
,,,,,,,,
,,,,,,,,
,,,,,,,,
,,,,,,,,
,,,,,,,,
,,,,,,,,
,,,,,,,,
,,,,,,,,
,,,,,,,,
,,,,,,,,
,,,,,,,,
,,,,,,,,
,,,,,,,,
,,,,,,,,
,,,,,,,,
,,,,,,,,
,,,,,,,,
,,,,,,,,
,,,,,,,,
,,,,,,,,
,,,,,,,,
,,,,,,,,
,,,,,,,,
,,,,,,,,
,,,,,,,,
,,,,,,,,
,,,,,,,,
,,,,,,,,
,,,,,,,,
,,,,,,,,
,,,,,,,,
,,,,,,,,
,,,,,,,,
,,,,,,,,
,,,,,,,,
,,,,,,,,
,,,,,,,,
,,,,,,,,
,,,,,,,,
,,,,,,,,
,,,,,,,,
,,,,,,,,
,,,,,,,,
,,,,,,,,
,,,,,,,,
,,,,,,,,
,,,,,,,,
,,,,,,,,
,,,,,,,,
,,,,,,,,
,,,,,,,,
,,,,,,,,
,,,,,,,,
,,,,,,,,
,,,,,,,,
,,,,,,,,
,,,,,,,,
,,,,,,,,
,,,,,,,,
,,,,,,,,
,,,,,,,,
,,,,,,,,
,,,,,,,,
,,,,,,,,
,,,,,,,,
,,,,,,,,
,,,,,,,,
,,,,,,,,
,,,,,,,,
,,,,,,,,
,,,,,,,,
,,,,,,,,
,,,,,,,,
,,,,,,,,
,,,,,,,,
,,,,,,,,
,,,,,,,,
,,,,,,,,
,,,,,,,,
,,,,,,,,
,,,,,,,,
,,,,,,,,
,,,,,,,,
,,,,,,,,
,,,,,,,,
,,,,,,,,
,,,,,,,,
,,,,,,,,
,,,,,,,,
,,,,,,,,
,,,,,,,,
,,,,,,,,
,,,,,,,,
,,,,,,,,
,,,,,,,,
,,,,,,,,
,,,,,,,,
,,,,,,,,
,,,,,,,,
,,,,,,,,
,,,,,,,,
,,,,,,,,
,,,,,,,,
,,,,,,,,
,,,,,,,,
,,,,,,,,
,,,,,,,,
,,,,,,,,
,,,,,,,,
,,,,,,,,
,,,,,,,,
,,,,,,,,
,,,,,,,,
,,,,,,,,
,,,,,,,,
,,,,,,,,
,,,,,,,,
,,,,,,,,
,,,,,,,,
,,,,,,,,
,,,,,,,,
,,,,,,,,
,,,,,,,,
,,,,,,,,
,,,,,,,,
,,,,,,,,
,,,,,,,,
,,,,,,,,
,,,,,,,,
,,,,,,,,
,,,,,,,,
,,,,,,,,
,,,,,,,,
,,,,,,,,
,,,,,,,,
,,,,,,,,
,,,,,,,,
,,,,,,,,
,,,,,,,,
,,,,,,,,
,,,,,,,,
,,,,,,,,
,,,,,,,,
,,,,,,,,
,,,,,,,,
,,,,,,,,
,,,,,,,,
,,,,,,,,
,,,,,,,,
,,,,,,,,
,,,,,,,,
,,,,,,,,
,,,,,,,,
,,,,,,,,
,,,,,,,,
,,,,,,,,
,,,,,,,,
,,,,,,,,
,,,,,,,,
,,,,,,,,
,,,,,,,,
,,,,,,,,
,,,,,,,,
,,,,,,,,
,,,,,,,,
,,,,,,,,
,,,,,,,,
,,,,,,,,
,,,,,,,,
,,,,,,,,
,,,,,,,,
,,,,,,,,
,,,,,,,,
,,,,,,,,
,,,,,,,,
,,,,,,,,
,,,,,,,,
,,,,,,,,
,,,,,,,,
,,,,,,,,
,,,,,,,,
,,,,,,,,
,,,,,,,,
,,,,,,,,
,,,,,,,,
,,,,,,,,
,,,,,,,,
,,,,,,,,
,,,,,,,,
,,,,,,,,
,,,,,,,,
,,,,,,,,
,,,,,,,,
,,,,,,,,
,,,,,,,,
,,,,,,,,
,,,,,,,,
,,,,,,,,
