Filename,Year,Management_Area,Frame,Time_UTC,TIME_AK,Seconds,Period,Period time (HMS),Image row,Image col,OpCode,Tape Reader,Depth,Comment,Year,Dive No,Transect No,User Def. 4,User Def. 5,User Def. 6,User Def. 7,User Def. 8,Family,Genus,Species,Code,Number,Stage,Activity,Start/End,Comment,Event Time HH:MM:SS
SL_2016NSEO_Dive_02_08-49-19.000.avi,2016,NSEO ,86333,17:37:25,9:37:24,34644,,,476,790,QC,Asia,0,,2016,2,1,,,,,,Bad,lost bottom visual,BLB,BLB,,AD,Passing,End,,
SL_2016NSEO_Dive_02_08-49-19.000.avi,2016,NSEO ,85369,17:36:52,9:36:52,34612,,,485,663,QC,Asia,0,,2016,2,1,,,,,,Good,Good Going Forward,GGF,GGF,4,AD,Passing,,BLB in SL but not in belly,
SL_2016NSEO_Dive_02_08-49-19.000.avi,2016,NSEO ,80977,17:34:26,9:34:26,34466,,,613,976,QC,Asia,0,,2016,2,1,,,,,,Good,Good Going Forward,GGF,GGF,3,AD,Passing,,,
SL_2016NSEO_Dive_02_08-49-19.000.avi,2016,NSEO ,79563,17:33:39,9:33:39,34419,,,551,799,QC,Asia,0,,2016,2,1,,,,,,Good,Good Going Forward,GGF,GGF,2,AD,Passing,,BLB in SL but not in belly,
SL_2016NSEO_Dive_02_08-49-19.000.avi,2016,NSEO ,77906,17:32:44,9:32:44,34364,,,498,996,QC,Asia,0,,2016,2,1,,,,,,Good,Good Going Forward,GGF,GGF,2,AD,Passing,,,
SL_2016NSEO_Dive_02_08-49-19.000.avi,2016,NSEO ,76179,17:31:46,9:31:46,34306,,,455,776,QC,Asia,0,,2016,2,1,,,,,,Bad,repositioned,BRP,BRP,,AD,Passing,,,
SL_2016NSEO_Dive_02_08-49-19.000.avi,2016,NSEO ,39043,17:11:08,9:11:08,33068,,,596,1012,QC,Asia,0,,2016,2,1,,,,,,Good,Good Going Forward,GGF,GGF,1,AD,Passing,,SL good,
SL_2016NSEO_Dive_02_08-49-19.000.avi,2016,NSEO ,38574,17:10:53,9:10:52,33052,,,541,729,QC,Asia,0,,2016,2,1,,,,,,Good,Good Going Forward,GGF,GGF,1,AD,Passing,,BLB in SL but not in belly,
SL_2016NSEO_Dive_02_08-49-19.000.avi,2016,NSEO ,37159,17:10:05,9:10:05,33005,,,562,840,QC,Asia,0,,2016,2,1,,,,,,Good,Good Going Forward,GGF,GGF,1,AD,Passing,,SL good,
SL_2016NSEO_Dive_02_08-49-19.000.avi,2016,NSEO ,35841,17:09:21,9:09:21,32961,,,493,789,QC,Asia,0,,2016,2,1,,,,,,Good,Good Going Forward,GGF,GGF,1,AD,Passing,,BLB in SL but not in belly,
SL_2016NSEO_Dive_02_08-49-19.000.avi,2016,NSEO ,29525,17:05:51,9:05:51,32751,,,453,639,QC,Asia,0,,2016,2,1,,,,,,Good,Good Going Forward,GGF,GGF,1,AD,Passing,,SL good,
SL_2016NSEO_Dive_02_08-49-19.000.avi,2016,NSEO ,29341,17:05:45,9:05:45,32745,,,627,771,QC,Asia,0,,2016,2,1,,,,,,Good,Good Going Forward,GGF,GGF,1,AD,Passing,,BLB in SL but not in belly,
SL_2016NSEO_Dive_02_08-49-19.000.avi,2016,NSEO ,264,16:49:36,8:49:35,31775,,,669,863,QC,Asia,0,,2016,2,1,,,,,,Good,Good Going Forward,GGF,GGF,1,AD,Passing,Start,,
SL_2016NSEO_Dive_02_08-49-19.000.avi,2016,NSEO ,,17:33:47,9:33:47,34427,,,,,QC,Asia,0,,2016,2,1,,,,,,Bad,lost bottom visual,BLB,BLB,,AD,Passing,,BLB both cameras,
SL_2016NSEO_Dive_02_08-49-19.000.avi,2016,NSEO ,,17:37:08,9:37:08,34628,,,,,QC,Asia,0,,2016,2,1,,,,,,Bad,lost bottom visual,BLB,BLB,,AD,Passing,,BLB both cameras,
SL_2016NSEO_Dive_05_11-55-04.000.avi,2016,NSEO ,98965,20:50:27,12:50:27,46227,,,681,894,QC,Asia,0,,2016,5,1,,,,,,Good,Good Going Forward,GGF,GGF,4,AD,Passing,End,,
SL_2016NSEO_Dive_05_11-55-04.000.avi,2016,NSEO ,93824,20:47:36,12:47:36,46056,,,550,565,QC,Asia,0,,2016,5,1,,,,,,Good,Good Going Forward,GGF,GGF,4,AD,Passing,,,
SL_2016NSEO_Dive_05_11-55-04.000.avi,2016,NSEO ,92660,20:46:57,12:46:57,46017,,,259,449,QC,Asia,0,,2016,5,1,,,,,,Good,Good Going Forward,GGF,GGF,3,AD,Passing,,BLB in SL but not in belly,
SL_2016NSEO_Dive_05_11-55-04.000.avi,2016,NSEO ,87672,20:44:11,12:44:11,45851,,,506,742,QC,Asia,0,,2016,5,1,,,,,,Good,Good Going Forward,GGF,GGF,3,AD,Passing,,SL good,
SL_2016NSEO_Dive_05_11-55-04.000.avi,2016,NSEO ,87470,20:44:04,12:44:04,45844,,,476,804,QC,Asia,0,,2016,5,1,,,,,,Good,Good Going Forward,GGF,GGF,3,AD,Passing,,BLB in SL but not in belly,
SL_2016NSEO_Dive_05_11-55-04.000.avi,2016,NSEO ,76066,20:37:44,12:37:44,45464,,,530,813,QC,Asia,0,,2016,5,1,,,,,,Good,Good Going Forward,GGF,GGF,3,AD,Passing,,SL good,
SL_2016NSEO_Dive_05_11-55-04.000.avi,2016,NSEO ,75805,20:37:35,12:37:35,45455,,,551,799,QC,Asia,0,,2016,5,1,,,,,,Good,Good Going Forward,GGF,GGF,3,AD,Passing,,BLB in SL but not in belly,
SL_2016NSEO_Dive_05_11-55-04.000.avi,2016,NSEO ,69781,20:34:14,12:34:14,45254,,,550,794,QC,Asia,0,,2016,5,1,,,,,,Good,Good Going Forward,GGF,GGF,3,AD,Passing,,SL good,
SL_2016NSEO_Dive_05_11-55-04.000.avi,2016,NSEO ,69575,20:34:07,12:34:07,45247,,,665,818,QC,Asia,0,,2016,5,1,,,,,,Good,Good Going Forward,GGF,GGF,3,AD,Passing,,BLB in SL but not in belly,
SL_2016NSEO_Dive_05_11-55-04.000.avi,2016,NSEO ,66584,20:32:28,12:32:28,45148,,,655,896,QC,Asia,0,,2016,5,1,,,,,,Good,Good Going Forward,GGF,GGF,3,AD,Passing,,SL good,
SL_2016NSEO_Dive_05_11-55-04.000.avi,2016,NSEO ,66103,20:32:12,12:32:12,45132,,,551,780,QC,Asia,0,,2016,5,1,,,,,,Good,Good Going Forward,GGF,GGF,3,AD,Passing,,BLB in SL but not in belly,
SL_2016NSEO_Dive_05_11-55-04.000.avi,2016,NSEO ,59448,20:28:30,12:28:30,44910,,,549,796,QC,Asia,0,,2016,5,1,,,,,,Good,Good Going Forward,GGF,GGF,3,AD,Passing,,SL good,
SL_2016NSEO_Dive_05_11-55-04.000.avi,2016,NSEO ,58866,20:28:10,12:28:10,44890,,,604,775,QC,Asia,0,,2016,5,1,,,,,,Good,Good Going Forward,GGF,GGF,3,AD,Passing,,BLB in SL but not in belly,
SL_2016NSEO_Dive_05_11-55-04.000.avi,2016,NSEO ,50397,20:23:28,12:23:28,44608,,,550,798,QC,Asia,0,,2016,5,1,,,,,,Good,Good Going Forward,GGF,GGF,3,AD,Passing,,SL good,
SL_2016NSEO_Dive_05_11-55-04.000.avi,2016,NSEO ,50066,20:23:17,12:23:17,44597,,,586,776,QC,Asia,0,,2016,5,1,,,,,,Good,Good Going Forward,GGF,GGF,3,AD,Passing,,BLB in SL but not in belly,
SL_2016NSEO_Dive_05_11-55-04.000.avi,2016,NSEO ,49795,20:23:08,12:23:08,44588,,,551,798,QC,Asia,0,,2016,5,1,,,,,,Bad,repositioned,BRP,BRP,,AD,Passing,,,
SL_2016NSEO_Dive_05_11-55-04.000.avi,2016,NSEO ,45535,20:20:46,12:20:46,44446,,,551,799,QC,Asia,0,,2016,5,1,,,,,,Good,Good Going Forward,GGF,GGF,2,AD,Passing,,SL good,
SL_2016NSEO_Dive_05_11-55-04.000.avi,2016,NSEO ,45299,20:20:38,12:20:38,44438,,,618,546,QC,Asia,0,,2016,5,1,,,,,,Good,Good Going Forward,GGF,GGF,2,AD,Passing,,BLB in SL but not in belly,
SL_2016NSEO_Dive_05_11-55-04.000.avi,2016,NSEO ,44844,20:20:23,12:20:23,44423,,,534,779,QC,Asia,0,,2016,5,1,,,,,,Good,Good Going Forward,GGF,GGF,2,AD,Passing,,SL good,
SL_2016NSEO_Dive_05_11-55-04.000.avi,2016,NSEO ,44605,20:20:15,12:20:15,44415,,,581,774,QC,Asia,0,,2016,5,1,,,,,,Good,Good Going Forward,GGF,GGF,2,AD,Passing,,BLB in SL but not in belly,
SL_2016NSEO_Dive_05_11-55-04.000.avi,2016,NSEO ,44292,20:20:05,12:20:05,44405,,,620,649,QC,Asia,0,,2016,5,1,,,,,,Bad,repositioned,BRP,BRP,,AD,Passing,,,
SL_2016NSEO_Dive_05_11-55-04.000.avi,2016,NSEO ,43439,20:19:36,12:19:36,44376,,,626,832,QC,Asia,0,,2016,5,1,,,,,,Good,Good Going Forward,GGF,GGF,1,AD,Passing,,SL good,
SL_2016NSEO_Dive_05_11-55-04.000.avi,2016,NSEO ,43204,20:19:28,12:19:28,44368,,,494,756,QC,Asia,0,,2016,5,1,,,,,,Good,Good Going Forward,GGF,GGF,1,AD,Passing,,BLB in SL but not in belly,
SL_2016NSEO_Dive_05_11-55-04.000.avi,2016,NSEO ,43080,20:19:24,12:19:24,44364,,,759,951,QC,Asia,0,,2016,5,1,,,,,,Good,Good Going Forward,GGF,GGF,1,AD,Passing,,SL good,
SL_2016NSEO_Dive_05_11-55-04.000.avi,2016,NSEO ,42826,20:19:16,12:19:16,44356,,,635,843,QC,Asia,0,,2016,5,1,,,,,,Good,Good Going Forward,GGF,GGF,1,AD,Passing,,BLB in SL but not in belly,
SL_2016NSEO_Dive_05_11-55-04.000.avi,2016,NSEO ,42602,20:19:08,12:19:08,44348,,,616,847,QC,Asia,0,,2016,5,1,,,,,,Good,Good Going Forward,GGF,GGF,1,AD,Passing,,SL good,
SL_2016NSEO_Dive_05_11-55-04.000.avi,2016,NSEO ,42146,20:18:53,12:18:53,44333,,,586,853,QC,Asia,0,,2016,5,1,,,,,,Good,Good Going Forward,GGF,GGF,1,AD,Passing,,BLB in SL but not in belly,
SL_2016NSEO_Dive_05_11-55-04.000.avi,2016,NSEO ,23161,20:08:20,12:08:20,43700,,,500,721,QC,Asia,0,,2016,5,1,,,,,,Good,Good Going Forward,GGF,GGF,1,AD,Passing,,SL good,
SL_2016NSEO_Dive_05_11-55-04.000.avi,2016,NSEO ,22893,20:08:11,12:08:11,43691,,,588,806,QC,Asia,0,,2016,5,1,,,,,,Good,Good Going Forward,GGF,GGF,1,AD,Passing,,BLB in SL but not in belly,
SL_2016NSEO_Dive_05_11-55-04.000.avi,2016,NSEO ,12750,20:02:33,12:02:33,43353,,,552,753,QC,Asia,0,,2016,5,1,,,,,,Good,Good Going Forward,GGF,GGF,1,AD,Passing,,SL good,
SL_2016NSEO_Dive_05_11-55-04.000.avi,2016,NSEO ,12192,20:02:15,12:02:15,43335,,,554,796,QC,Asia,0,,2016,5,1,,,,,,Good,Good Going Forward,GGF,GGF,1,AD,Passing,,BLB in SL but not in belly,
SL_2016NSEO_Dive_05_11-55-04.000.avi,2016,NSEO ,209,19:55:35,11:55:35,42935,,,653,814,QC,Asia,0,,2016,5,1,,,,,,Good,Good Going Forward,GGF,GGF,1,AD,Passing,Start,,
SL_2016NSEO_Dive_05_11-55-04.000.avi,2016,NSEO ,,20:47:03,12:47:03,46023,,,,,QC,Asia,0,,2016,5,1,,,,,,Bad,lost bottom visual,BLB,BLB,,AD,Passing,,BLB both cameras,
SL_2016NSEO_Dive_06_14-08-11.000.avi,2016,NSEO ,52721,22:37:35,14:37:35,52655,,,737,863,QC,Asia,0,,2016,6,1,,,,,,Bad,repositioned,BRP,BRP,,AD,Passing,End,,
SL_2016NSEO_Dive_06_14-08-11.000.avi,2016,NSEO ,52555,22:37:29,14:37:29,52649,,,576,791,QC,Asia,0,,2016,6,1,,,,,,Bad,lost bottom visual,BLB,BLB,,AD,Passing,,BLB in SL; BRP in belly,
SL_2016NSEO_Dive_06_14-08-11.000.avi,2016,NSEO ,51897,22:37:07,14:37:07,52627,,,617,781,QC,Asia,0,,2016,6,1,,,,,,Bad,repositioned,BRP,BRP,,AD,Passing,,head shake; halibut,
SL_2016NSEO_Dive_06_14-08-11.000.avi,2016,NSEO ,51577,22:36:57,14:36:57,52617,,,666,798,QC,Asia,0,,2016,6,1,,,,,,Good,Good Going Forward,GGF,GGF,5,AD,Passing,,BLB in SL but not in belly,
SL_2016NSEO_Dive_06_14-08-11.000.avi,2016,NSEO ,49388,22:35:44,14:35:44,52544,,,724,985,QC,Asia,0,,2016,6,1,,,,,,Good,Good Going Forward,GGF,GGF,5,AD,Passing,,,
SL_2016NSEO_Dive_06_14-08-11.000.avi,2016,NSEO ,49122,22:35:35,14:35:35,52535,,,649,873,QC,Asia,0,,2016,6,1,,,,,,Good,resting on bottom with close-up image,GRBC,GRBC,5,AD,Passing,,,
SL_2016NSEO_Dive_06_14-08-11.000.avi,2016,NSEO ,38090,22:29:27,14:29:27,52167,,,606,924,QC,Asia,0,,2016,6,1,,,,,,Good,Good Going Forward,GGF,GGF,5,AD,Passing,,head shake,
SL_2016NSEO_Dive_06_14-08-11.000.avi,2016,NSEO ,37094,22:28:54,14:28:54,52134,,,610,1074,QC,Asia,0,,2016,6,1,,,,,,Bad,repositioned,BRP,BRP,,AD,Passing,,,
SL_2016NSEO_Dive_06_14-08-11.000.avi,2016,NSEO ,36800,22:28:44,14:28:44,52124,,,799,923,QC,Asia,0,,2016,6,1,,,,,,Bad,loitering in same area,BLA,BLA,,AD,Passing,,halibut,
SL_2016NSEO_Dive_06_14-08-11.000.avi,2016,NSEO ,36323,22:28:28,14:28:28,52108,,,401,866,QC,Asia,0,,2016,6,1,,,,,,Bad,going backwards,BGB,BGB,,AD,Passing,,,
SL_2016NSEO_Dive_06_14-08-11.000.avi,2016,NSEO ,35357,22:27:56,14:27:56,52076,,,499,892,QC,Asia,0,,2016,6,1,,,,,,Bad,loitering in same area,BLA,BLA,,AD,Passing,,,
SL_2016NSEO_Dive_06_14-08-11.000.avi,2016,NSEO ,34891,22:27:40,14:27:40,52060,,,482,802,QC,Asia,0,,2016,6,1,,,,,,Bad,going backwards,BGB,BGB,,AD,Passing,,,
SL_2016NSEO_Dive_06_14-08-11.000.avi,2016,NSEO ,30819,22:25:25,14:25:25,51925,,,656,823,QC,Asia,0,,2016,6,1,,,,,,Bad,resting on bottom,BRB,BRB,,AD,Passing,,head shake before resting,
SL_2016NSEO_Dive_06_14-08-11.000.avi,2016,NSEO ,27276,22:23:27,14:23:27,51807,,,641,768,QC,Asia,0,,2016,6,1,,,,,,Good,Good Going Forward,GGF,GGF,5,AD,Passing,,head shake,
SL_2016NSEO_Dive_06_14-08-11.000.avi,2016,NSEO ,26995,22:23:17,14:23:17,51797,,,513,818,QC,Asia,0,,2016,6,1,,,,,,Bad,repositioned,BRP,BRP,,AD,Passing,,,
SL_2016NSEO_Dive_06_14-08-11.000.avi,2016,NSEO ,18010,22:18:18,14:18:18,51498,,,551,799,QC,Asia,0,,2016,6,1,,,,,,Bad,resting on bottom,BRB,BRB,,AD,Passing,,,
SL_2016NSEO_Dive_06_14-08-11.000.avi,2016,NSEO ,17523,22:18:02,14:18:01,51481,,,551,799,QC,Asia,0,,2016,6,1,,,,,,Bad,repositioned,BRP,BRP,,AD,Passing,,,
SL_2016NSEO_Dive_06_14-08-11.000.avi,2016,NSEO ,17259,22:17:53,14:17:53,51473,,,551,799,QC,Asia,0,,2016,6,1,,,,,,Good,Good Going Forward,GGF,GGF,4,AD,Passing,,BPV in SL but not in belly,
SL_2016NSEO_Dive_06_14-08-11.000.avi,2016,NSEO ,16105,22:17:14,14:17:14,51434,,,737,799,QC,Asia,0,,2016,6,1,,,,,,Bad,repositioned,BRP,BRP,,AD,Passing,,,
SL_2016NSEO_Dive_06_14-08-11.000.avi,2016,NSEO ,15926,22:17:08,14:17:08,51428,,,670,908,QC,Asia,0,,2016,6,1,,,,,,Good,Good Going Forward,GGF,GGF,3,AD,Passing,,BLB in SL but not in belly,
SL_2016NSEO_Dive_06_14-08-11.000.avi,2016,NSEO ,15760,22:17:03,14:17:03,51423,,,638,877,QC,Asia,0,,2016,6,1,,,,,,Bad,bottom stir-up,BBS,BBS,,AD,Passing,,BBS both cameras,
SL_2016NSEO_Dive_06_14-08-11.000.avi,2016,NSEO ,15706,22:17:01,14:17:01,51421,,,572,870,QC,Asia,0,,2016,6,1,,,,,,Bad,repositioned,BRP,BRP,,AD,Passing,,head shake,
SL_2016NSEO_Dive_06_14-08-11.000.avi,2016,NSEO ,15531,22:16:55,14:16:55,51415,,,544,841,QC,Asia,0,,2016,6,1,,,,,,Bad,loitering in same area,BLA,BLA,,AD,Passing,,,
SL_2016NSEO_Dive_06_14-08-11.000.avi,2016,NSEO ,9605,22:13:38,14:13:38,51218,,,544,796,QC,Asia,0,,2016,6,1,,,,,,Good,Good Going Forward,GGF,GGF,2,AD,Passing,,head shake,
SL_2016NSEO_Dive_06_14-08-11.000.avi,2016,NSEO ,8597,22:13:04,14:13:04,51184,,,691,834,QC,Asia,0,,2016,6,1,,,,,,Bad,repositioned,BRP,BRP,,AD,Passing,,,
SL_2016NSEO_Dive_06_14-08-11.000.avi,2016,NSEO ,5976,22:11:37,14:11:37,51097,,,559,720,QC,Asia,0,,2016,6,1,,,,,,Bad,repositioned,BRP,BRP,,AD,Passing,,,
SL_2016NSEO_Dive_06_14-08-11.000.avi,2016,NSEO ,5537,22:11:22,14:11:22,51082,,,551,796,QC,Asia,0,,2016,6,1,,,,,,Good,Good Going Forward,GGF,GGF,,AD,Passing,,BLB in SL but not in belly,
SL_2016NSEO_Dive_06_14-08-11.000.avi,2016,NSEO ,4348,22:10:42,14:10:42,51042,,,640,794,QC,Asia,0,,2016,6,1,,,,,,Bad,repositioned,BRP,BRP,,AD,Passing,,head shake,
SL_2016NSEO_Dive_06_14-08-11.000.avi,2016,NSEO ,159,22:08:23,14:08:23,50903,,,551,799,QC,Asia,0,,2016,6,1,,,,,,Good,Good Going Forward,GGF,GGF,1,AD,Passing,Start,,
SL_2016NSEO_Dive_06_14-08-11.000.avi,2016,NSEO ,,22:11:28,14:11:28,51088,,,,,QC,Asia,0,,2016,6,1,,,,,,Bad,lost bottom visual,BLB,BLB,,AD,Passing,,BLB both cameras,
SL_2016NSEO_Dive_06_14-08-11.000.avi,2016,NSEO ,,22:12:14,14:12:14,51134,,,,,QC,Asia,0,,2016,6,1,,,,,,Bad,lost bottom visual,BLB,BLB,,AD,Passing,,BLB both cameras,
SL_2016NSEO_Dive_08_08-53-17.000.avi,2016,NSEO ,113267,17:56:30,9:56:30,35790,,,551,799,QC,Asia,0,,2016,8,1,,,,,,Bad,lost bottom visual,BLB,BLB,,AD,Passing,End,no head shake,
SL_2016NSEO_Dive_08_08-53-17.000.avi,2016,NSEO ,111152,17:55:20,9:55:20,35720,,,547,797,QC,Asia,0,,2016,8,1,,,,,,Good,Good Going Forward,GGF,GGF,5,AD,Passing,,BLB in SL but not in belly,
SL_2016NSEO_Dive_08_08-53-17.000.avi,2016,NSEO ,110346,17:54:53,9:54:53,35693,,,551,803,QC,Asia,0,,2016,8,1,,,,,,Bad,going backwards,BGB,BGB,,AD,Passing,,,
SL_2016NSEO_Dive_08_08-53-17.000.avi,2016,NSEO ,110088,17:54:44,9:54:44,35684,,,553,795,QC,Asia,0,,2016,8,1,,,,,,Bad,resting on bottom,BRB,BRB,,AD,Passing,,,
SL_2016NSEO_Dive_08_08-53-17.000.avi,2016,NSEO ,102610,17:50:35,9:50:35,35435,,,551,799,QC,Asia,0,,2016,8,1,,,,,,Good,Good Going Forward,GGF,GGF,4,AD,Passing,,head shake,
SL_2016NSEO_Dive_08_08-53-17.000.avi,2016,NSEO ,101798,17:50:08,9:50:08,35408,,,532,808,QC,Asia,0,,2016,8,1,,,,,,Bad,loitering in same area,BLA,BLA,,AD,Passing,,head shake,
SL_2016NSEO_Dive_08_08-53-17.000.avi,2016,NSEO ,101291,17:49:51,9:49:51,35391,,,551,798,QC,Asia,0,,2016,8,1,,,,,,Bad,loitering in same area,BLA,BLA,,AD,Passing,,,
SL_2016NSEO_Dive_08_08-53-17.000.avi,2016,NSEO ,92596,17:45:01,9:45:01,35101,,,551,798,QC,Asia,0,,2016,8,1,,,,,,Good,Good Going Forward,GGF,GGF,3,AD,Passing,,SL good,
SL_2016NSEO_Dive_08_08-53-17.000.avi,2016,NSEO ,92170,17:44:47,9:44:47,35087,,,610,990,QC,Asia,0,,2016,8,1,,,,,,Good,Good Going Forward,GGF,GGF,3,AD,Passing,,BLB in SL but not in belly,
SL_2016NSEO_Dive_08_08-53-17.000.avi,2016,NSEO ,73303,17:34:18,9:34:18,34458,,,551,799,QC,Asia,0,,2016,8,1,,,,,,Good,Good Going Forward,GGF,GGF,3,AD,Passing,,SL good,
SL_2016NSEO_Dive_08_08-53-17.000.avi,2016,NSEO ,73107,17:34:12,9:34:11,34451,,,806,844,QC,Asia,0,,2016,8,1,,,,,,Good,Good Going Forward,GGF,GGF,3,AD,Passing,,BLB in SL but not in belly,
SL_2016NSEO_Dive_08_08-53-17.000.avi,2016,NSEO ,67703,17:31:11,9:31:11,34271,,,551,799,QC,Asia,0,,2016,8,1,,,,,,Good,Good Going Forward,GGF,GGF,3,AD,Passing,,SL good,
SL_2016NSEO_Dive_08_08-53-17.000.avi,2016,NSEO ,67439,17:31:03,9:31:02,34262,,,557,796,QC,Asia,0,,2016,8,1,,,,,,Good,Good Going Forward,GGF,GGF,3,AD,Passing,,BLB in SL but not in belly,
SL_2016NSEO_Dive_08_08-53-17.000.avi,2016,NSEO ,50617,17:21:42,9:21:42,33702,,,547,687,QC,Asia,0,,2016,8,1,,,,,,Good,Good Going Forward,GGF,GGF,3,AD,Passing,,SL good,
SL_2016NSEO_Dive_08_08-53-17.000.avi,2016,NSEO ,49664,17:21:10,9:21:10,33670,,,551,795,QC,Asia,0,,2016,8,1,,,,,,Good,Good Going Forward,GGF,GGF,3,AD,Passing,,BLB in SL but not in belly,
SL_2016NSEO_Dive_08_08-53-17.000.avi,2016,NSEO ,48539,17:20:33,9:20:33,33633,,,551,799,QC,Asia,0,,2016,8,1,,,,,,Good,Good Going Forward,GGF,GGF,3,AD,Passing,,SL good,
SL_2016NSEO_Dive_08_08-53-17.000.avi,2016,NSEO ,47998,17:20:15,9:20:14,33614,,,551,796,QC,Asia,0,,2016,8,1,,,,,,Good,Good Going Forward,GGF,GGF,3,AD,Passing,,BLB in SL but not in belly,
SL_2016NSEO_Dive_08_08-53-17.000.avi,2016,NSEO ,47112,17:19:45,9:19:45,33585,,,580,782,QC,Asia,0,,2016,8,1,,,,,,Good,Good Going Forward,GGF,GGF,3,AD,Passing,,SL good,
SL_2016NSEO_Dive_08_08-53-17.000.avi,2016,NSEO ,45849,17:19:03,9:19:03,33543,,,572,836,QC,Asia,0,,2016,8,1,,,,,,Good,Good Going Forward,GGF,GGF,3,AD,Passing,,BLB in SL but not in belly,
SL_2016NSEO_Dive_08_08-53-17.000.avi,2016,NSEO ,44128,17:18:06,9:18:06,33486,,,551,799,QC,Asia,0,,2016,8,1,,,,,,Good,Good Going Forward,GGF,GGF,3,AD,Passing,,SL good,
SL_2016NSEO_Dive_08_08-53-17.000.avi,2016,NSEO ,43883,17:17:57,9:17:57,33477,,,528,736,QC,Asia,0,,2016,8,1,,,,,,Good,Good Going Forward,GGF,GGF,3,AD,Passing,,BLB in SL but not in belly,
SL_2016NSEO_Dive_08_08-53-17.000.avi,2016,NSEO ,38899,17:15:11,9:15:11,33311,,,574,806,QC,Asia,0,,2016,8,1,,,,,,Good,Good Going Forward,GGF,GGF,3,AD,Passing,,SL good,
SL_2016NSEO_Dive_08_08-53-17.000.avi,2016,NSEO ,38598,17:15:01,9:15:01,33301,,,691,917,QC,Asia,0,,2016,8,1,,,,,,Good,Good Going Forward,GGF,GGF,3,AD,Passing,,BLB in SL but not in belly,
SL_2016NSEO_Dive_08_08-53-17.000.avi,2016,NSEO ,35683,17:13:24,9:13:24,33204,,,579,799,QC,Asia,0,,2016,8,1,,,,,,Good,Good Going Forward,GGF,GGF,3,AD,Passing,,SL good,
SL_2016NSEO_Dive_08_08-53-17.000.avi,2016,NSEO ,35256,17:13:10,9:13:10,33190,,,605,865,QC,Asia,0,,2016,8,1,,,,,,Good,Good Going Forward,GGF,GGF,3,AD,Passing,,BLB in SL but not in belly,
SL_2016NSEO_Dive_08_08-53-17.000.avi,2016,NSEO ,26692,17:08:24,9:08:24,32904,,,729,1055,QC,Asia,0,,2016,8,1,,,,,,Good,Good Going Forward,GGF,GGF,3,AD,Passing,,SL good,
SL_2016NSEO_Dive_08_08-53-17.000.avi,2016,NSEO ,26577,17:08:21,9:08:20,32900,,,610,1033,QC,Asia,0,,2016,8,1,,,,,,Good,Good Going Forward,GGF,GGF,3,AD,Passing,,BLB in SL but not in belly,
SL_2016NSEO_Dive_08_08-53-17.000.avi,2016,NSEO ,10546,16:59:26,8:59:26,32366,,,665,835,QC,Asia,0,,2016,8,1,,,,,,Good,Good Going Forward,GGF,GGF,3,AD,Passing,,SL good,
SL_2016NSEO_Dive_08_08-53-17.000.avi,2016,NSEO ,10230,16:59:16,8:59:16,32356,,,685,790,QC,Asia,0,,2016,8,1,,,,,,Good,Good Going Forward,GGF,GGF,3,AD,Passing,,BLB in SL but not in belly,
SL_2016NSEO_Dive_08_08-53-17.000.avi,2016,NSEO ,9661,16:58:57,8:58:57,32337,,,633,841,QC,Asia,0,,2016,8,1,,,,,,Bad,loitering in same area,BLA,BLA,,AD,Passing,,,
SL_2016NSEO_Dive_08_08-53-17.000.avi,2016,NSEO ,4912,16:56:18,8:56:18,32178,,,579,878,QC,Asia,0,,2016,8,1,,,,,,Good,Good Going Forward,GGF,GGF,2,AD,Passing,,head shake,
SL_2016NSEO_Dive_08_08-53-17.000.avi,2016,NSEO ,3584,16:55:34,8:55:34,32134,,,604,817,QC,Asia,0,,2016,8,1,,,,,,Bad,loitering in same area,BLA,BLA,,AD,Passing,,,
SL_2016NSEO_Dive_08_08-53-17.000.avi,2016,NSEO ,3383,16:55:27,8:55:27,32127,,,653,843,QC,Asia,0,,2016,8,1,,,,,,Bad,repositioned,BRP,BRP,,AD,Passing,,head shake,
SL_2016NSEO_Dive_08_08-53-17.000.avi,2016,NSEO ,2881,16:55:11,8:55:11,32111,,,617,849,QC,Asia,0,,2016,8,1,,,,,,Bad,repositioned,BRP,BRP,,AD,Passing,,,
SL_2016NSEO_Dive_08_08-53-17.000.avi,2016,NSEO ,2305,16:54:51,8:54:51,32091,,,551,799,QC,Asia,0,,2016,8,1,,,,,,Good,Good Going Forward,GGF,GGF,1,AD,Passing,,SL good,
SL_2016NSEO_Dive_08_08-53-17.000.avi,2016,NSEO ,2106,16:54:45,8:54:45,32085,,,560,764,QC,Asia,0,,2016,8,1,,,,,,Good,Good Going Forward,GGF,GGF,1,AD,Passing,,BLB in SL but not in belly,
SL_2016NSEO_Dive_08_08-53-17.000.avi,2016,NSEO ,419,16:53:49,8:53:49,32029,,,643,828,QC,Asia,0,,2016,8,1,,,,,,Good,Good Going Forward,GGF,GGF,1,AD,Passing,Start,,
SL_2016NSEO_Dive_08_08-53-17.000.avi,2016,NSEO ,,17:55:34,9:55:34,35734,,,,,QC,Asia,0,,2016,8,1,,,,,,Bad,lost bottom visual,BLB,BLB,,AD,Passing,,BLB both cameras,
SL_2016NSEO_Dive_11_16-03-45.000.avi,2016,NSEO ,195,0:03:57,16:03:57,57837,,,575,829,QC,Asia,0,,2016,11,1,,,,,,Good,Good Going Forward,GGF,GGF,1,AD,Passing,Start,,
SL_2016NSEO_Dive_11_16-03-45.000.avi,2016,NSEO ,38819,0:25:25,16:25:25,59125,,,491,689,QC,Asia,0,,2016,11,1,,,,,,Good,Good Going Forward,GGF,GGF,2,AD,Passing,,,
SL_2016NSEO_Dive_11_16-03-45.000.avi,2016,NSEO ,47327,0:30:08,16:30:08,59408,,,560,705,QC,Asia,0,,2016,11,1,,,,,,Good,Good Going Forward,GGF,GGF,2,AD,Passing,,BLB in SL but not in belly,
SL_2016NSEO_Dive_11_16-03-45.000.avi,2016,NSEO ,48506,0:30:48,16:30:48,59448,,,550,799,QC,Asia,0,,2016,11,1,,,,,,Good,Good Going Forward,GGF,GGF,2,AD,Passing,,SL good,
SL_2016NSEO_Dive_11_16-03-45.000.avi,2016,NSEO ,52621,0:33:05,16:33:05,59585,,,549,788,QC,Asia,0,,2016,11,1,,,,,,Good,Good Going Forward,GGF,GGF,2,AD,Passing,,BLB in SL but not in belly,
SL_2016NSEO_Dive_11_16-03-45.000.avi,2016,NSEO ,,0:33:10,16:33:10,59590,,,,,QC,Asia,0,,2016,11,1,,,,,,Bad,lost bottom visual,BLB,BLB,,AD,Passing,,BLB both cameras,
SL_2016NSEO_Dive_11_16-03-45.000.avi,2016,NSEO ,,0:34:05,16:34:05,59645,,,,,QC,Asia,0,,2016,11,1,,,,,,Bad,repositioned,BRP,BRP,,AD,Passing,,no clear bottom view but repositioning to get back to transect due to boulder,
SL_2016NSEO_Dive_11_16-03-45.000.avi,2016,NSEO ,55371,0:34:36,16:34:36,59676,,,545,794,QC,Asia,0,,2016,11,1,,,,,,Good,Good Going Forward,GGF,GGF,3,AD,Passing,,,
SL_2016NSEO_Dive_11_16-03-45.000.avi,2016,NSEO ,59100,0:36:41,16:36:41,59801,,,551,799,QC,Asia,0,,2016,11,1,,,,,,Good,Good Going Forward,GGF,GGF,3,AD,Passing,,BLB in SL but not in belly,
SL_2016NSEO_Dive_11_16-03-45.000.avi,2016,NSEO ,59857,0:37:06,16:37:06,59826,,,446,768,QC,Asia,0,,2016,11,1,,,,,,Good,Good Going Forward,GGF,GGF,3,AD,Passing,,SL good,
SL_2016NSEO_Dive_11_16-03-45.000.avi,2016,NSEO ,71108,0:43:21,16:43:21,60201,,,491,704,QC,Asia,0,,2016,11,1,,,,,,Good,Good Going Forward,GGF,GGF,3,AD,Passing,,BLB in SL but not in belly,
SL_2016NSEO_Dive_11_16-03-45.000.avi,2016,NSEO ,72029,0:43:52,16:43:52,60232,,,463,775,QC,Asia,0,,2016,11,1,,,,,,Good,Good Going Forward,GGF,GGF,3,AD,Passing,,SL good,
SL_2016NSEO_Dive_11_16-03-45.000.avi,2016,NSEO ,82045,0:49:26,16:49:26,60566,,,552,791,QC,Asia,0,,2016,11,1,,,,,,Good,Good Going Forward,GGF,GGF,3,AD,Passing,,BLB in SL but not in belly,
SL_2016NSEO_Dive_11_16-03-45.000.avi,2016,NSEO ,82446,0:49:39,16:49:39,60579,,,551,799,QC,Asia,0,,2016,11,1,,,,,,Good,Good Going Forward,GGF,GGF,3,AD,Passing,,SL good,
SL_2016NSEO_Dive_11_16-03-45.000.avi,2016,NSEO ,83271,0:50:06,16:50:06,60606,,,482,802,QC,Asia,0,,2016,11,1,,,,,,Good,Good Going Forward,GGF,GGF,3,AD,Passing,,BLB in SL but not in belly,
SL_2016NSEO_Dive_11_16-03-45.000.avi,2016,NSEO ,83919,0:50:28,16:50:28,60628,,,603,802,QC,Asia,0,,2016,11,1,,,,,,Good,Good Going Forward,GGF,GGF,3,AD,Passing,,SL good,
SL_2016NSEO_Dive_11_16-03-45.000.avi,2016,NSEO ,84498,0:50:47,16:50:47,60647,,,575,768,QC,Asia,0,,2016,11,1,,,,,,Good,Good Going Forward,GGF,GGF,3,AD,Passing,End,,
SL_2016NSEO_Dive_12_17-20-06.000.avi,2016,NSEO ,69084,1:58:36,17:58:35,64715,,,642,819,QC,Asia,0,,2016,12,1,,,,,,Good,Good Going Forward,GGF,GGF,1,AD,Passing,End,,
SL_2016NSEO_Dive_12_17-20-06.000.avi,2016,NSEO ,208,1:20:20,17:20:20,62420,,,551,799,QC,Asia,0,,2016,12,1,,,,,,Good,Good Going Forward,GGF,GGF,1,AD,Passing,Start,,
SL_2016NSEO_Dive_14_07-45-19.000.avi,2016,NSEO ,55623,16:16:20,8:16:20,29780,,,550,801,QC,Asia,0,,2016,14,1,,,,,,Good,Good Going Forward,GGF,GGF,1,AD,Passing,End,,
SL_2016NSEO_Dive_14_07-45-19.000.avi,2016,NSEO ,301,15:45:36,7:45:36,27936,,,519,762,QC,Asia,0,,2016,14,1,,,,,,Good,Good Going Forward,GGF,GGF,1,AD,Passing,Start,,
SL_2016NSEO_Dive_15_09-16-18.000.avi,2016,NSEO ,60735,17:50:14,9:50:14,35414,,,572,781,QC,Asia,0,,2016,15,1,,,,,,Good,Good Going Forward,GGF,GGF,1,AD,Passing,End,,
SL_2016NSEO_Dive_15_09-16-18.000.avi,2016,NSEO ,33391,17:35:02,9:35:02,34502,,,394,829,QC,Asia,0,,2016,15,1,,,,,,Good,Good Going Forward,GGF,GGF,1,AD,Passing,,SL good,
SL_2016NSEO_Dive_15_09-16-18.000.avi,2016,NSEO ,33109,17:34:53,9:34:53,34493,,,586,865,QC,Asia,0,,2016,15,1,,,,,,Good,Good Going Forward,GGF,GGF,1,AD,Passing,,BLB in SL but not in belly,
SL_2016NSEO_Dive_15_09-16-18.000.avi,2016,NSEO ,14660,17:24:38,9:24:38,33878,,,629,875,QC,Asia,0,,2016,15,1,,,,,,Good,Good Going Forward,GGF,GGF,1,AD,Passing,,,
SL_2016NSEO_Dive_15_09-16-18.000.avi,2016,NSEO ,14529,17:24:33,9:24:33,33873,,,616,885,QC,Asia,0,,2016,15,1,,,,,,Good,resting on bottom with close-up image,GRBC,GRBC,1,AD,Passing,,,
SL_2016NSEO_Dive_15_09-16-18.000.avi,2016,NSEO ,201,17:16:36,9:16:36,33396,,,550,798,QC,Asia,0,,2016,15,1,,,,,,Good,Good Going Forward,GGF,GGF,1,AD,Passing,Start,,
SL_2016NSEO_Dive_16_10-27-48.000.avi,2016,NSEO ,60232,19:01:21,11:01:21,39681,,,528,745,QC,Asia,0,,2016,16,1,,,,,,Good,Good Going Forward,GGF,GGF,1,AD,Passing,End,,
SL_2016NSEO_Dive_16_10-27-48.000.avi,2016,NSEO ,253,18:28:02,10:28:02,37682,,,551,799,QC,Asia,0,,2016,16,1,,,,,,Good,Good Going Forward,GGF,GGF,1,AD,Passing,Start,,
SL_2016NSEO_Dive_17_11-32-28.000.avi,2016,NSEO ,68868,20:10:53,12:10:53,43853,,,646,861,QC,Asia,0,,2016,17,1,,,,,,Good,Good Going Forward,GGF,GGF,5,AD,Passing,End,,
SL_2016NSEO_Dive_17_11-32-28.000.avi,2016,NSEO ,66131,20:09:21,12:09:21,43761,,,601,832,QC,Asia,0,,2016,17,1,,,,,,Good,Good Going Forward,GGF,GGF,5,AD,Passing,,SL good,
SL_2016NSEO_Dive_17_11-32-28.000.avi,2016,NSEO ,65918,20:09:14,12:09:14,43754,,,587,802,QC,Asia,0,,2016,17,1,,,,,,Good,Good Going Forward,GGF,GGF,5,AD,Passing,,BLB in SL but not in belly,
SL_2016NSEO_Dive_17_11-32-28.000.avi,2016,NSEO ,48241,19:59:25,11:59:25,43165,,,631,836,QC,Asia,0,,2016,17,1,,,,,,Good,Good Going Forward,GGF,GGF,5,AD,Passing,,,
SL_2016NSEO_Dive_17_11-32-28.000.avi,2016,NSEO ,47552,19:59:02,11:59:02,43142,,,551,801,QC,Asia,0,,2016,17,1,,,,,,Bad,loitering in same area,BLA,BLA,,AD,Passing,,,
SL_2016NSEO_Dive_17_11-32-28.000.avi,2016,NSEO ,37665,19:53:33,11:53:32,42812,,,517,953,QC,Asia,0,,2016,17,1,,,,,,Good,Good Going Forward,GGF,GGF,4,AD,Passing,,head shake,
SL_2016NSEO_Dive_17_11-32-28.000.avi,2016,NSEO ,36774,19:53:03,11:53:03,42783,,,550,792,QC,Asia,0,,2016,17,1,,,,,,Bad,repositioned,BRP,BRP,,AD,Passing,,head shake,
SL_2016NSEO_Dive_17_11-32-28.000.avi,2016,NSEO ,34289,19:51:40,11:51:40,42700,,,522,753,QC,Asia,0,,2016,17,1,,,,,,Good,Good Going Forward,GGF,GGF,3,AD,Passing,,head shake,
SL_2016NSEO_Dive_17_11-32-28.000.avi,2016,NSEO ,33690,19:51:20,11:51:20,42680,,,539,790,QC,Asia,0,,2016,17,1,,,,,,Bad,repositioned,BRP,BRP,,AD,Passing,,head shake,
SL_2016NSEO_Dive_17_11-32-28.000.avi,2016,NSEO ,4202,19:34:57,11:34:57,41697,,,631,896,QC,Asia,0,,2016,17,1,,,,,,Good,Good Going Forward,GGF,GGF,2,AD,Passing,,,
SL_2016NSEO_Dive_17_11-32-28.000.avi,2016,NSEO ,3930,19:34:48,11:34:48,41688,,,610,849,QC,Asia,0,,2016,17,1,,,,,,Bad,loitering in same area,BLA,BLA,,AD,Passing,,,
SL_2016NSEO_Dive_17_11-32-28.000.avi,2016,NSEO ,766,19:33:03,11:33:03,41583,,,662,736,QC,Asia,0,,2016,17,1,,,,,,Good,Good Going Forward,GGF,GGF,1,AD,Passing,Start,,
SL_2016NSEO_Dive_18_12-56-40.000.avi,2016,NSEO ,64816,21:32:49,13:32:49,48769,,,680,1020,QC,Asia,0,,2016,18,1,,,,,,Good,Good Going Forward,GGF,GGF,3,AD,Passing,End,,
SL_2016NSEO_Dive_18_12-56-40.000.avi,2016,NSEO ,46417,21:22:36,13:22:36,48156,,,625,893,QC,Asia,0,,2016,18,1,,,,,,Good,Good Going Forward,GGF,GGF,3,AD,Passing,,,
SL_2016NSEO_Dive_18_12-56-40.000.avi,2016,NSEO ,46223,21:22:30,13:22:29,48149,,,655,868,QC,Asia,0,,2016,18,1,,,,,,Bad,loitering in same area,BLA,BLA,,AD,Passing,,,
SL_2016NSEO_Dive_18_12-56-40.000.avi,2016,NSEO ,45885,21:22:18,13:22:18,48138,,,553,795,QC,Asia,0,,2016,18,1,,,,,,Good,Good Going Forward,GGF,GGF,2,AD,Passing,,,
SL_2016NSEO_Dive_18_12-56-40.000.avi,2016,NSEO ,45582,21:22:08,13:22:08,48128,,,551,799,QC,Asia,0,,2016,18,1,,,,,,Bad,loitering in same area,BLA,BLA,,AD,Passing,,,
SL_2016NSEO_Dive_18_12-56-40.000.avi,2016,NSEO ,404,20:57:02,12:57:02,46622,,,542,796,QC,Asia,0,,2016,18,1,,,,,,Good,Good Going Forward,GGF,GGF,1,AD,Passing,Start,,
SL_2016NSEO_Dive_19_14-10-00.000.avi,2016,NSEO ,64148,22:45:42,14:45:42,53142,,,551,798,QC,Asia,0,,2016,19,1,,,,,,Good,Good Going Forward,GGF,GGF,1,AD,Passing,End,,
SL_2016NSEO_Dive_19_14-10-00.000.avi,2016,NSEO ,54220,22:40:11,14:40:11,52811,,,551,799,QC,Asia,0,,2016,19,1,,,,,,Good,Good Going Forward,GGF,GGF,1,AD,Passing,,SL good,
SL_2016NSEO_Dive_19_14-10-00.000.avi,2016,NSEO ,53978,22:40:03,14:40:03,52803,,,551,790,QC,Asia,0,,2016,19,1,,,,,,Good,Good Going Forward,GGF,GGF,1,AD,Passing,,BLB in SL but not in belly,
SL_2016NSEO_Dive_19_14-10-00.000.avi,2016,NSEO ,48649,22:37:06,14:37:06,52626,,,657,829,QC,Asia,0,,2016,19,1,,,,,,Good,Good Going Forward,GGF,GGF,1,AD,Passing,,SL good,
SL_2016NSEO_Dive_19_14-10-00.000.avi,2016,NSEO ,48011,22:36:44,14:36:44,52604,,,659,870,QC,Asia,0,,2016,19,1,,,,,,Good,Good Going Forward,GGF,GGF,1,AD,Passing,,BLB in SL but not in belly,
SL_2016NSEO_Dive_19_14-10-00.000.avi,2016,NSEO ,31871,22:27:46,14:27:46,52066,,,659,744,QC,Asia,0,,2016,19,1,,,,,,Good,Good Going Forward,GGF,GGF,1,AD,Passing,,SL good,
SL_2016NSEO_Dive_19_14-10-00.000.avi,2016,NSEO ,31708,22:27:41,14:27:41,52061,,,674,808,QC,Asia,0,,2016,19,1,,,,,,Good,Good Going Forward,GGF,GGF,1,AD,Passing,,BLB in SL but not in belly,
SL_2016NSEO_Dive_19_14-10-00.000.avi,2016,NSEO ,13077,22:17:20,14:17:20,51440,,,526,773,QC,Asia,0,,2016,19,1,,,,,,Good,Good Going Forward,GGF,GGF,1,AD,Passing,,SL good,
SL_2016NSEO_Dive_19_14-10-00.000.avi,2016,NSEO ,12199,22:16:51,14:16:51,51411,,,580,828,QC,Asia,0,,2016,19,1,,,,,,Good,Good Going Forward,GGF,GGF,1,AD,Passing,,BLB in SL but not in belly,
SL_2016NSEO_Dive_19_14-10-00.000.avi,2016,NSEO ,252,22:10:12,14:10:12,51012,,,535,838,QC,Asia,0,,2016,19,1,,,,,,Good,Good Going Forward,GGF,GGF,1,AD,Passing,Start,,
SL_2016NSEO_Dive_20_15-53-25.000.avi,2016,NSEO ,69571,0:32:12,16:32:11,59531,,,551,791,QC,Asia,0,,2016,20,1,,,,,,Good,Good Going Forward,GGF,GGF,1,AD,Passing,End,,
SL_2016NSEO_Dive_20_15-53-25.000.avi,2016,NSEO ,336,23:53:44,15:53:44,57224,,,581,859,QC,Asia,0,,2016,20,1,,,,,,Good,Good Going Forward,GGF,GGF,1,AD,Passing,Start,,
SL_2016NSEO_Dive_21_17-05-30.000.avi,2016,NSEO ,54431,1:35:55,17:35:55,63355,,,545,768,QC,Asia,0,,2016,21,1,,,,,,Good,Good Going Forward,GGF,GGF,1,AD,Passing,End,,
SL_2016NSEO_Dive_21_17-05-30.000.avi,2016,NSEO ,2294,1:06:57,17:06:57,61617,,,539,859,QC,Asia,0,,2016,21,1,,,,,,Good,Good Going Forward,GGF,GGF,1,AD,Passing,,SL good,
SL_2016NSEO_Dive_21_17-05-30.000.avi,2016,NSEO ,2015,1:06:48,17:06:48,61608,,,551,799,QC,Asia,0,,2016,21,1,,,,,,Good,Good Going Forward,GGF,GGF,1,AD,Passing,,BLB in SL but not in belly,
SL_2016NSEO_Dive_21_17-05-30.000.avi,2016,NSEO ,246,1:05:49,17:05:49,61549,,,551,799,QC,Asia,0,,2016,21,1,,,,,,Good,Good Going Forward,GGF,GGF,1,AD,Passing,Start,,
SL_2016NSEO_Dive_22_07-45-18.000.avi,2016,NSEO ,71442,16:25:49,8:25:48,30348,,,609,809,QC,Asia,0,,2016,22,1,,,,,,Good,Good Going Forward,GGF,GGF,3,AD,Passing,End,,
SL_2016NSEO_Dive_22_07-45-18.000.avi,2016,NSEO ,40953,16:08:52,8:08:52,29332,,,550,799,QC,Asia,0,,2016,22,1,,,,,,Good,Good Going Forward,GGF,GGF,3,AD,Passing,,,
SL_2016NSEO_Dive_22_07-45-18.000.avi,2016,NSEO ,40773,16:08:46,8:08:46,29326,,,422,766,QC,Asia,0,,2016,22,1,,,,,,Bad,loitering in same area,BLA,BLA,,AD,Passing,,hit rock,
SL_2016NSEO_Dive_22_07-45-18.000.avi,2016,NSEO ,974,15:46:40,7:46:40,28000,,,551,914,QC,Asia,0,,2016,22,1,,,,,,Good,Good Going Forward,GGF,GGF,2,AD,Passing,,,
SL_2016NSEO_Dive_22_07-45-18.000.avi,2016,NSEO ,631,15:46:28,7:46:28,27988,,,512,891,QC,Asia,0,,2016,22,1,,,,,,Bad,repositioned,BRP,BRP,,AD,Passing,,turning,
SL_2016NSEO_Dive_22_07-45-18.000.avi,2016,NSEO ,424,15:46:21,7:46:21,27981,,,596,825,QC,Asia,0,,2016,22,1,,,,,,Good,Good Going Forward,GGF,GGF,1,AD,Passing,Start,,
SL_2016NSEO_Dive_23_09-08-22.000.avi,2016,NSEO ,70992,17:47:58,9:47:58,35278,,,583,886,QC,Asia,0,,2016,23,1,,,,,,Good,Good Going Forward,GGF,GGF,1,AD,Passing,End,,
SL_2016NSEO_Dive_23_09-08-22.000.avi,2016,NSEO ,68211,17:46:26,9:46:26,35186,,,644,902,QC,Asia,0,,2016,23,1,,,,,,Good,Good Going Forward,GGF,GGF,1,AD,Passing,,SL good,
SL_2016NSEO_Dive_23_09-08-22.000.avi,2016,NSEO ,67634,17:46:06,9:46:06,35166,,,551,791,QC,Asia,0,,2016,23,1,,,,,,Good,Good Going Forward,GGF,GGF,1,AD,Passing,,BLB in SL but not in belly,
SL_2016NSEO_Dive_23_09-08-22.000.avi,2016,NSEO ,48870,17:35:41,9:35:41,34541,,,673,797,QC,Asia,0,,2016,23,1,,,,,,Good,Good Going Forward,GGF,GGF,1,AD,Passing,,SL good,
SL_2016NSEO_Dive_23_09-08-22.000.avi,2016,NSEO ,48545,17:35:30,9:35:30,34530,,,556,677,QC,Asia,0,,2016,23,1,,,,,,Good,Good Going Forward,GGF,GGF,1,AD,Passing,,BLB in SL but not in belly,
SL_2016NSEO_Dive_23_09-08-22.000.avi,2016,NSEO ,664,17:08:54,9:08:54,32934,,,632,854,QC,Asia,0,,2016,23,1,,,,,,Good,Good Going Forward,GGF,GGF,1,AD,Passing,Start,,
SL_2016NSEO_Dive_24_10-37-01.000.avi,2016,NSEO ,64548,19:13:00,11:13:00,40380,,,720,832,QC,Asia,0,,2016,24,1,,,,,,Good,Good Going Forward,GGF,GGF,1,AD,Passing,End,,
SL_2016NSEO_Dive_24_10-37-01.000.avi,2016,NSEO ,330,18:37:19,10:37:19,38239,,,639,907,QC,Asia,0,,2016,24,1,,,,,,Good,Good Going Forward,GGF,GGF,1,AD,Passing,Start,,
SL_2016NSEO_Dive_25_12-17-25.000.avi,2016,NSEO ,52461,20:46:51,12:46:51,46011,,,551,820,QC,Asia,0,,2016,25,1,,,,,,Good,Good Going Forward,GGF,GGF,9,AD,Passing,End,,
SL_2016NSEO_Dive_25_12-17-25.000.avi,2016,NSEO ,46394,20:43:29,12:43:29,45809,,,550,799,QC,Asia,0,,2016,25,1,,,,,,Good,Good Going Forward,GGF,GGF,9,AD,Passing,,,
SL_2016NSEO_Dive_25_12-17-25.000.avi,2016,NSEO ,45394,20:42:56,12:42:56,45776,,,633,781,QC,Asia,0,,2016,25,1,,,,,,Bad,loitering in same area,BLA,BLA,,AD,Passing,,camera going up and down,
SL_2016NSEO_Dive_25_12-17-25.000.avi,2016,NSEO ,43932,20:42:07,12:42:07,45727,,,695,881,QC,Asia,0,,2016,25,1,,,,,,Good,Good Going Forward,GGF,GGF,8,AD,Passing,,,
SL_2016NSEO_Dive_25_12-17-25.000.avi,2016,NSEO ,42417,20:41:17,12:41:17,45677,,,516,799,QC,Asia,0,,2016,25,1,,,,,,Bad,loitering in same area,BLA,BLA,,AD,Passing,,,
SL_2016NSEO_Dive_25_12-17-25.000.avi,2016,NSEO ,28619,20:33:37,12:33:37,45217,,,545,796,QC,Asia,0,,2016,25,1,,,,,,Good,Good Going Forward,GGF,GGF,7,AD,Passing,,,
SL_2016NSEO_Dive_25_12-17-25.000.avi,2016,NSEO ,27603,20:33:03,12:33:03,45183,,,613,939,QC,Asia,0,,2016,25,1,,,,,,Bad,loitering in same area,BLA,BLA,,AD,Passing,,camera going up and down,
SL_2016NSEO_Dive_25_12-17-25.000.avi,2016,NSEO ,17371,20:27:22,12:27:22,44842,,,550,798,QC,Asia,0,,2016,25,1,,,,,,Good,Good Going Forward,GGF,GGF,6,AD,Passing,,,
SL_2016NSEO_Dive_25_12-17-25.000.avi,2016,NSEO ,17047,20:27:11,12:27:11,44831,,,551,799,QC,Asia,0,,2016,25,1,,,,,,Bad,loitering in same area,BLA,BLA,,AD,Passing,,,
SL_2016NSEO_Dive_25_12-17-25.000.avi,2016,NSEO ,16610,20:26:56,12:26:56,44816,,,629,838,QC,Asia,0,,2016,25,1,,,,,,Good,Good Going Forward,GGF,GGF,5,AD,Passing,,,
SL_2016NSEO_Dive_25_12-17-25.000.avi,2016,NSEO ,15558,20:26:21,12:26:21,44781,,,550,799,QC,Asia,0,,2016,25,1,,,,,,Bad,loitering in same area,BLA,BLA,,AD,Passing,,,
SL_2016NSEO_Dive_25_12-17-25.000.avi,2016,NSEO ,13405,20:25:10,12:25:09,44709,,,725,911,QC,Asia,0,,2016,25,1,,,,,,Good,Good Going Forward,GGF,GGF,4,AD,Passing,,,
SL_2016NSEO_Dive_25_12-17-25.000.avi,2016,NSEO ,12365,20:24:35,12:24:35,44675,,,590,849,QC,Asia,0,,2016,25,1,,,,,,Bad,loitering in same area,BLA,BLA,,AD,Passing,,,
SL_2016NSEO_Dive_25_12-17-25.000.avi,2016,NSEO ,12188,20:24:29,12:24:29,44669,,,655,820,QC,Asia,0,,2016,25,1,,,,,,Good,Good Going Forward,GGF,GGF,3,AD,Passing,,head shake,
SL_2016NSEO_Dive_25_12-17-25.000.avi,2016,NSEO ,11434,20:24:04,12:24:04,44644,,,545,730,QC,Asia,0,,2016,25,1,,,,,,Bad,loitering in same area,BLA,BLA,,AD,Passing,,,
SL_2016NSEO_Dive_25_12-17-25.000.avi,2016,NSEO ,9528,20:23:00,12:23:00,44580,,,551,799,QC,Asia,0,,2016,25,1,,,,,,Good,Good Going Forward,GGF,GGF,2,AD,Passing,,moving forward no head shake,
SL_2016NSEO_Dive_25_12-17-25.000.avi,2016,NSEO ,4597,20:20:16,12:20:16,44416,,,542,887,QC,Asia,0,,2016,25,1,,,,,,Bad,loitering in same area,BLA,BLA,,AD,Passing,,head shake,
SL_2016NSEO_Dive_25_12-17-25.000.avi,2016,NSEO ,889,20:18:12,12:18:12,44292,,,551,799,QC,Asia,0,,2016,25,1,,,,,,Good,Good Going Forward,GGF,GGF,1,AD,Passing,Start,,
SL_2016NSEO_Dive_26_13-47-52.000.avi,2016,NSEO ,61501,22:22:08,14:22:08,51728,,,551,799,QC,Asia,0,,2016,26,1,,,,,,Good,Good Going Forward,GGF,GGF,3,AD,Passing,End,,
SL_2016NSEO_Dive_26_13-47-52.000.avi,2016,NSEO ,41090,22:10:48,14:10:48,51048,,,551,799,QC,Asia,0,,2016,26,1,,,,,,Good,Good Going Forward,GGF,GGF,3,AD,Passing,,,
SL_2016NSEO_Dive_26_13-47-52.000.avi,2016,NSEO ,40803,22:10:39,14:10:39,51039,,,657,829,QC,Asia,0,,2016,26,1,,,,,,Bad,loitering in same area,BLA,BLA,,AD,Passing,,,
SL_2016NSEO_Dive_26_13-47-52.000.avi,2016,NSEO ,10325,21:53:43,13:53:43,50023,,,620,931,QC,Asia,0,,2016,26,1,,,,,,Good,Good Going Forward,GGF,GGF,2,AD,Passing,,,
SL_2016NSEO_Dive_26_13-47-52.000.avi,2016,NSEO ,10127,21:53:36,13:53:36,50016,,,617,839,QC,Asia,0,,2016,26,1,,,,,,Bad,resting on bottom,BRB,BRB,,AD,Passing,,,
SL_2016NSEO_Dive_26_13-47-52.000.avi,2016,NSEO ,1062,21:48:34,13:48:34,49714,,,656,878,QC,Asia,0,,2016,26,1,,,,,,Good,Good Going Forward,GGF,GGF,1,AD,Passing,Start,,
SL_2016NSEO_Dive_27_15-15-43.000.avi,2016,NSEO ,46263,23:41:31,15:41:31,56491,,,644,851,QC,Asia,0,,2016,27,1,,,,,,Good,Good Going Forward,GGF,GGF,1,AD,Passing,End,,
SL_2016NSEO_Dive_27_15-15-43.000.avi,2016,NSEO ,199,23:15:56,15:15:56,54956,,,596,803,QC,Asia,0,,2016,27,1,,,,,,Good,Good Going Forward,GGF,GGF,1,AD,Passing,Start,,
SL_2016NSEO_Dive_29_16-52-46.000.avi,2016,NSEO ,62143,1:27:33,17:27:33,62853,,,531,1051,QC,Asia,0,,2016,29,1,,,,,,Good,Good Going Forward,GGF,GGF,3,AD,Passing,End,,
SL_2016NSEO_Dive_29_16-52-46.000.avi,2016,NSEO ,59351,1:26:00,17:26:00,62760,,,551,799,QC,Asia,0,,2016,29,1,,,,,,Good,Good Going Forward,GGF,GGF,3,AD,Passing,,,
SL_2016NSEO_Dive_29_16-52-46.000.avi,2016,NSEO ,59179,1:25:55,17:25:54,62754,,,573,854,QC,Asia,0,,2016,29,1,,,,,,Bad,loitering in same area,BLA,BLA,,AD,Passing,,,
SL_2016NSEO_Dive_29_16-52-46.000.avi,2016,NSEO ,43382,1:17:08,17:17:08,62228,,,552,798,QC,Asia,0,,2016,29,1,,,,,,Good,Good Going Forward,GGF,GGF,2,AD,Passing,,,
SL_2016NSEO_Dive_29_16-52-46.000.avi,2016,NSEO ,43142,1:17:00,17:17:00,62220,,,693,697,QC,Asia,0,,2016,29,1,,,,,,Bad,loitering in same area,BLA,BLA,,AD,Passing,,,
SL_2016NSEO_Dive_29_16-52-46.000.avi,2016,NSEO ,352,0:53:14,16:53:14,60794,,,656,700,QC,Asia,0,,2016,29,1,,,,,,Good,Good Going Forward,GGF,GGF,1,AD,Passing,Start,,
SL_2016NSEO_Dive_30_18-00-31.000.avi,2016,NSEO ,60391,2:34:21,18:34:21,66861,,,584,690,QC,Asia,0,,2016,30,1,,,,,,Good,Good Going Forward,GGF,GGF,3,AD,Passing,End,,
SL_2016NSEO_Dive_30_18-00-31.000.avi,2016,NSEO ,50008,2:28:35,18:28:35,66515,,,574,805,QC,Asia,0,,2016,30,1,,,,,,Good,Good Going Forward,GGF,GGF,3,AD,Passing,,SL good,
SL_2016NSEO_Dive_30_18-00-31.000.avi,2016,NSEO ,49389,2:28:14,18:28:14,66494,,,569,783,QC,Asia,0,,2016,30,1,,,,,,good,Good Going Forward,GGF,GGF,3,AD,Passing,,BLB in SL but not in belly,
SL_2016NSEO_Dive_30_18-00-31.000.avi,2016,NSEO ,23689,2:13:58,18:13:58,65638,,,595,751,QC,Asia,0,,2016,30,1,,,,,,Good,Good Going Forward,GGF,GGF,3,AD,Passing,,,
SL_2016NSEO_Dive_30_18-00-31.000.avi,2016,NSEO ,23450,2:13:50,18:13:50,65630,,,531,861,QC,Asia,0,,2016,30,1,,,,,,Bad,loitering in same area,BLA,BLA,,AD,Passing,,,
SL_2016NSEO_Dive_30_18-00-31.000.avi,2016,NSEO ,13067,2:08:04,18:08:04,65284,,,551,799,QC,Asia,0,,2016,30,1,,,,,,Good,Good Going Forward,GGF,GGF,2,AD,Passing,,,
SL_2016NSEO_Dive_30_18-00-31.000.avi,2016,NSEO ,12864,2:07:57,18:07:57,65277,,,551,799,QC,Asia,0,,2016,30,1,,,,,,Bad,loitering in same area,BLA,BLA,,AD,Passing,,,
SL_2016NSEO_Dive_30_18-00-31.000.avi,2016,NSEO ,378,2:01:01,18:01:01,64861,,,589,896,QC,Asia,0,,2016,30,1,,,,,,Good,Good Going Forward,GGF,GGF,1,AD,Passing,Start,,
SL_2016NSEO_Dive_31_08-05-54.000.avi,2016,NSEO ,64028,16:41:38,8:41:38,31298,,,598,808,QC,Asia,0,,2016,31,1,,,,,,Good,Good Going Forward,GGF,GGF,2,AD,Passing,End,,
SL_2016NSEO_Dive_31_08-05-54.000.avi,2016,NSEO ,52260,16:35:06,8:35:06,30906,,,402,881,QC,Asia,0,,2016,31,1,,,,,,Good,Good Going Forward,GGF,GGF,2,AD,Passing,,,
SL_2016NSEO_Dive_31_08-05-54.000.avi,2016,NSEO ,51051,16:34:25,8:34:25,30865,,,499,699,QC,Asia,0,,2016,31,1,,,,,,Bad,loitering in same area,BLA,BLA,,AD,Passing,,moving up and down,
SL_2016NSEO_Dive_31_08-05-54.000.avi,2016,NSEO ,557,16:06:22,8:06:22,29182,,,656,873,QC,Asia,0,,2016,31,1,,,,,,Good,Good Going Forward,GGF,GGF,1,AD,Passing,Start,,
SL_2016NSEO_Dive_32_09-15-30.000.avi,2016,NSEO ,71536,17:55:18,9:55:18,35718,,,562,856,QC,Asia,0,,2016,32,1,,,,,,Good,Good Going Forward,GGF,GGF,2,AD,Passing,End,,
SL_2016NSEO_Dive_32_09-15-30.000.avi,2016,NSEO ,55636,17:46:28,9:46:28,35188,,,659,906,QC,Asia,0,,2016,32,1,,,,,,Good,Good Going Forward,GGF,GGF,2,AD,Passing,,,
SL_2016NSEO_Dive_32_09-15-30.000.avi,2016,NSEO ,55399,17:46:20,9:46:20,35180,,,547,773,QC,Asia,0,,2016,32,1,,,,,,Bad,loitering in same area,BLA,BLA,,AD,Passing,,,
SL_2016NSEO_Dive_32_09-15-30.000.avi,2016,NSEO ,173,17:15:39,9:15:39,33339,,,582,911,QC,Asia,0,,2016,32,1,,,,,,Good,Good Going Forward,GGF,GGF,1,AD,Passing,Start,,
SL_2016NSEO_Dive_33_10-30-43.000.avi,2016,NSEO ,47784,18:57:19,10:57:18,39438,,,595,820,QC,Asia,0,,2016,33,1,,,,,,Good,Good Going Forward,GGF,GGF,1,AD,Passing,End,,
SL_2016NSEO_Dive_33_10-30-43.000.avi,2016,NSEO ,187,18:30:52,10:30:52,37852,,,551,799,QC,Asia,0,,2016,33,1,,,,,,Good,Good Going Forward,GGF,GGF,1,AD,Passing,Start,,
SL_2016NSEO_Dive_34_11-57-20.000.avi,2016,NSEO ,66892,20:34:51,12:34:51,45291,,,512,798,QC,Asia,0,,2016,34,1,,,,,,Good,Good Going Forward,GGF,GGF,4,AD,Passing,End,,
SL_2016NSEO_Dive_34_11-57-20.000.avi,2016,NSEO ,65289,20:33:58,12:33:58,45238,,,550,791,QC,Asia,0,,2016,34,1,,,,,,Good,Good Going Forward,GGF,GGF,4,AD,Passing,,,
SL_2016NSEO_Dive_34_11-57-20.000.avi,2016,NSEO ,64691,20:33:38,12:33:38,45218,,,560,734,QC,Asia,0,,2016,34,1,,,,,,Bad,loitering in same area,BLA,BLA,,AD,Passing,,,
SL_2016NSEO_Dive_34_11-57-20.000.avi,2016,NSEO ,63002,20:32:41,12:32:41,45161,,,551,799,QC,Asia,0,,2016,34,1,,,,,,Good,Good Going Forward,GGF,GGF,3,AD,Passing,,,
SL_2016NSEO_Dive_34_11-57-20.000.avi,2016,NSEO ,62631,20:32:29,12:32:29,45149,,,545,801,QC,Asia,0,,2016,34,1,,,,,,Bad,loitering in same area,BLA,BLA,,AD,Passing,,,
SL_2016NSEO_Dive_34_11-57-20.000.avi,2016,NSEO ,41484,20:20:44,12:20:44,44444,,,545,745,QC,Asia,0,,2016,34,1,,,,,,Good,Good Going Forward,GGF,GGF,2,AD,Passing,,,
SL_2016NSEO_Dive_34_11-57-20.000.avi,2016,NSEO ,41257,20:20:37,12:20:37,44437,,,508,781,QC,Asia,0,,2016,34,1,,,,,,Good,Good Going Forward,GGF,GGF,2,AD,Passing,,GGF in belly,
SL_2016NSEO_Dive_34_11-57-20.000.avi,2016,NSEO ,20638,20:09:09,12:09:09,43749,,,621,857,QC,Asia,0,,2016,34,1,,,,,,Good,Good Going Forward,GGF,GGF,2,AD,Passing,,,
SL_2016NSEO_Dive_34_11-57-20.000.avi,2016,NSEO ,18113,20:07:45,12:07:45,43665,,,558,798,QC,Asia,0,,2016,34,1,,,,,,Bad,loitering in same area,BLA,BLA,,AD,Passing,,,
SL_2016NSEO_Dive_34_11-57-20.000.avi,2016,NSEO ,324,19:57:52,11:57:52,43072,,,590,883,QC,Asia,0,,2016,34,1,,,,,,Good,Good Going Forward,GGF,GGF,1,AD,Passing,Start,,
SL_2016NSEO_Dive_35_14-08-39.000.avi,2016,NSEO ,63360,22:43:55,14:43:55,53035,,,506,677,QC,Asia,0,,2016,35,1,,,,,,Good,Good Going Forward,GGF,GGF,2,AD,Passing,End,,
SL_2016NSEO_Dive_35_14-08-39.000.avi,2016,NSEO ,23448,22:21:45,14:21:44,51704,,,710,741,QC,Asia,0,,2016,35,1,,,,,,Good,Good Going Forward,GGF,GGF,2,AD,Passing,,,
SL_2016NSEO_Dive_35_14-08-39.000.avi,2016,NSEO ,22918,22:21:27,14:21:27,51687,,,624,841,QC,Asia,0,,2016,35,1,,,,,,Bad,loitering in same area,BLA,BLA,,AD,Passing,,moving up and down,
SL_2016NSEO_Dive_35_14-08-39.000.avi,2016,NSEO ,206,22:08:50,14:08:50,50930,,,551,799,QC,Asia,0,,2016,35,1,,,,,,Good,Good Going Forward,GGF,GGF,1,AD,Passing,Start,,
SL_2016NSEO_Dive_36_15-25-53.000.avi,2016,NSEO ,60457,23:59:46,15:59:46,57586,,,626,905,QC,Asia,0,,2016,36,1,,,,,,Good,Good Going Forward,GGF,GGF,2,AD,Passing,End,,
SL_2016NSEO_Dive_36_15-25-53.000.avi,2016,NSEO ,56042,23:57:19,15:57:19,57439,,,551,799,QC,Asia,0,,2016,36,1,,,,,,Good,Good Going Forward,GGF,GGF,2,AD,Passing,,,
SL_2016NSEO_Dive_36_15-25-53.000.avi,2016,NSEO ,55588,23:57:04,15:57:04,57424,,,639,870,QC,Asia,0,,2016,36,1,,,,,,Bad,loitering in same area,BLA,BLA,,AD,Passing,,,
SL_2016NSEO_Dive_36_15-25-53.000.avi,2016,NSEO ,251,23:26:20,15:26:20,55580,,,573,808,QC,Asia,0,,2016,36,1,,,,,,Good,Good Going Forward,GGF,GGF,1,AD,Passing,Start,,
SL_2016NSEO_Dive_37_16-51-51.000.avi,2016,NSEO ,54329,1:22:06,17:22:06,62526,,,640,966,QC,Asia,0,,2016,37,1,,,,,,Good,Good Going Forward,GGF,GGF,3,AD,Passing,End,,
SL_2016NSEO_Dive_37_16-51-51.000.avi,2016,NSEO ,3238,0:53:43,16:53:43,60823,,,551,799,QC,Asia,0,,2016,37,1,,,,,,Good,Good Going Forward,GGF,GGF,3,AD,Passing,,,
SL_2016NSEO_Dive_37_16-51-51.000.avi,2016,NSEO ,2789,0:53:28,16:53:28,60808,,,551,784,QC,Asia,0,,2016,37,1,,,,,,Bad,loitering in same area,BLA,BLA,,AD,Passing,,,
SL_2016NSEO_Dive_37_16-51-51.000.avi,2016,NSEO ,1915,0:52:59,16:52:59,60779,,,551,799,QC,Asia,0,,2016,37,1,,,,,,Good,Good Going Forward,GGF,GGF,2,AD,Passing,,,
SL_2016NSEO_Dive_37_16-51-51.000.avi,2016,NSEO ,1639,0:52:49,16:52:49,60769,,,528,843,QC,Asia,0,,2016,37,1,,,,,,Bad,loitering in same area,BLA,BLA,,AD,Passing,,,
SL_2016NSEO_Dive_37_16-51-51.000.avi,2016,NSEO ,393,0:52:08,16:52:08,60728,,,633,798,QC,Asia,0,,2016,37,1,,,,,,Good,Good Going Forward,GGF,GGF,1,AD,Passing,Start,,
SL_2016NSEO_Dive_38_07-53-49.000.avi,2016,NSEO ,74477,16:35:27,8:35:26,30926,,,551,734,QC,Asia,0,,2016,38,1,,,,,,Good,Good Going Forward,GGF,GGF,3,AD,Passing,End,,
SL_2016NSEO_Dive_38_07-53-49.000.avi,2016,NSEO ,72809,16:34:31,8:34:31,30871,,,551,799,QC,Asia,0,,2016,38,1,,,,,,Good,Good Going Forward,GGF,GGF,3,AD,Passing,,SL good,
SL_2016NSEO_Dive_38_07-53-49.000.avi,2016,NSEO ,71963,16:34:03,8:34:03,30843,,,619,828,QC,Asia,0,,2016,38,1,,,,,,Good,Good Going Forward,GGF,GGF,3,AD,Passing,,BLB in SL but not in belly,
SL_2016NSEO_Dive_38_07-53-49.000.avi,2016,NSEO ,71070,16:33:33,8:33:33,30813,,,592,737,QC,Asia,0,,2016,38,1,,,,,,Good,Good Going Forward,GGF,GGF,3,AD,Passing,,,
SL_2016NSEO_Dive_38_07-53-49.000.avi,2016,NSEO ,70918,16:33:28,8:33:28,30808,,,539,643,QC,Asia,0,,2016,38,1,,,,,,Bad,lost bottom visual,BLB,BLB,,AD,Passing,,,
SL_2016NSEO_Dive_38_07-53-49.000.avi,2016,NSEO ,32257,16:11:59,8:11:59,29519,,,562,760,QC,Asia,0,,2016,38,1,,,,,,Good,Good Going Forward,GGF,GGF,2,AD,Passing,,,
SL_2016NSEO_Dive_38_07-53-49.000.avi,2016,NSEO ,31369,16:11:30,8:11:30,29490,,,550,797,QC,Asia,0,,2016,38,1,,,,,,Bad,loitering in same area,BLA,BLA,,AD,Passing,,,
SL_2016NSEO_Dive_38_07-53-49.000.avi,2016,NSEO ,337,15:54:15,7:54:15,28455,,,551,799,QC,Asia,0,,2016,38,1,,,,,,Good,Good Going Forward,GGF,GGF,1,AD,Passing,Start,,
SL_2016NSEO_Dive_39_09-08-54.000.avi,2016,NSEO ,72826,17:49:43,9:49:43,35383,,,550,797,QC,Asia,0,,2016,39,1,,,,,,Good,Good Going Forward,GGF,GGF,2,AD,Passing,End,,
SL_2016NSEO_Dive_39_09-08-54.000.avi,2016,NSEO ,62817,17:44:09,9:44:09,35049,,,551,799,QC,Asia,0,,2016,39,1,,,,,,Good,Good Going Forward,GGF,GGF,2,AD,Passing,,SL good,
SL_2016NSEO_Dive_39_09-08-54.000.avi,2016,NSEO ,61844,17:43:37,9:43:37,35017,,,610,983,QC,Asia,0,,2016,39,1,,,,,,Good,Good Going Forward,GGF,GGF,2,AD,Passing,,BLB in SL but not in belly,
SL_2016NSEO_Dive_39_09-08-54.000.avi,2016,NSEO ,48428,17:36:10,9:36:10,34570,,,552,787,QC,Asia,0,,2016,39,1,,,,,,Good,Good Going Forward,GGF,GGF,2,AD,Passing,,SL good,
SL_2016NSEO_Dive_39_09-08-54.000.avi,2016,NSEO ,48185,17:36:01,9:36:01,34561,,,500,758,QC,Asia,0,,2016,39,1,,,,,,Good,Good Going Forward,GGF,GGF,2,AD,Passing,,BLB in SL but not in belly,
SL_2016NSEO_Dive_39_09-08-54.000.avi,2016,NSEO ,2550,17:10:40,9:10:40,33040,,,551,799,QC,Asia,0,,2016,39,1,,,,,,Good,Good Going Forward,GGF,GGF,2,AD,Passing,,,
SL_2016NSEO_Dive_39_09-08-54.000.avi,2016,NSEO ,2377,17:10:35,9:10:34,33034,,,551,799,QC,Asia,0,,2016,39,1,,,,,,Bad,repositioned,BRP,BRP,,AD,Passing,,turned,
SL_2016NSEO_Dive_39_09-08-54.000.avi,2016,NSEO ,1515,17:10:06,9:10:06,33006,,,602,951,QC,Asia,0,,2016,39,1,,,,,,Good,Good Going Forward,GGF,GGF,1,AD,Passing,Start,,
SL_2016NSEO_Dive_40_10-29-16.000.avi,2016,NSEO ,81928,19:15:02,11:15:02,40502,,,560,960,QC,Asia,0,,2016,40,1,,,,,,Good,Good Going Forward,GGF,GGF,2,AD,Passing,End,,
SL_2016NSEO_Dive_40_10-29-16.000.avi,2016,NSEO ,17599,18:39:18,10:39:18,38358,,,649,878,QC,Asia,0,,2016,40,1,,,,,,Good,Good Going Forward,GGF,GGF,2,AD,Passing,,head shake,
SL_2016NSEO_Dive_40_10-29-16.000.avi,2016,NSEO ,16848,18:38:53,10:38:53,38333,,,551,799,QC,Asia,0,,2016,40,1,,,,,,Bad,repositioned,BRP,BRP,,AD,Passing,,head shake,
SL_2016NSEO_Dive_40_10-29-16.000.avi,2016,NSEO ,16182,18:38:31,10:38:31,38311,,,776,859,QC,Asia,0,,2016,40,1,,,,,,Bad,loitering in same area,BLA,BLA,,AD,Passing,,,
SL_2016NSEO_Dive_40_10-29-16.000.avi,2016,NSEO ,7722,18:33:49,10:33:49,38029,,,597,627,QC,Asia,0,,2016,40,1,,,,,,Good,Good Going Forward,GGF,GGF,1,AD,Passing,,SL good,
SL_2016NSEO_Dive_40_10-29-16.000.avi,2016,NSEO ,7122,18:33:29,10:33:29,38009,,,914,1056,QC,Asia,0,,2016,40,1,,,,,,Good,Good Going Forward,GGF,GGF,1,AD,Passing,,BLB in SL but not in belly,
SL_2016NSEO_Dive_40_10-29-16.000.avi,2016,NSEO ,325,18:29:42,10:29:42,37782,,,748,978,QC,Asia,0,,2016,40,1,,,,,,Good,Good Going Forward,GGF,GGF,1,AD,Passing,Start,,
SL_2016NSEO_Dive_41_11-58-17.000.avi,2016,NSEO ,61481,20:32:42,12:32:42,45162,,,551,799,QC,Asia,0,,2016,41,1,,,,,,Good,Good Going Forward,GGF,GGF,2,AD,Passing,End,,
SL_2016NSEO_Dive_41_11-58-17.000.avi,2016,NSEO ,6543,20:02:10,12:02:10,43330,,,693,810,QC,Asia,0,,2016,41,1,,,,,,Good,Good Going Forward,GGF,GGF,2,AD,Passing,,,
SL_2016NSEO_Dive_41_11-58-17.000.avi,2016,NSEO ,5951,20:01:51,12:01:51,43311,,,623,799,QC,Asia,0,,2016,41,1,,,,,,Bad,loitering in same area,BLA,BLA,,AD,Passing,,,
SL_2016NSEO_Dive_41_11-58-17.000.avi,2016,NSEO ,5495,20:01:35,12:01:35,43295,,,537,760,QC,Asia,0,,2016,41,1,,,,,,Good,Good Going Forward,GGF,GGF,1,AD,Passing,,BLB in SL but not in belly,
SL_2016NSEO_Dive_41_11-58-17.000.avi,2016,NSEO ,187,19:58:38,11:58:38,43118,,,551,799,QC,Asia,0,,2016,41,1,,,,,,Good,Good Going Forward,GGF,GGF,1,AD,Passing,Start,,
SL_2016NSEO_Dive_42_13-23-15.000.avi,2016,NSEO ,58874,21:56:15,13:56:15,50175,,,564,833,QC,Asia,0,,2016,42,1,,,,,,Good,Good Going Forward,GGF,GGF,5,AD,Passing,End ,,
SL_2016NSEO_Dive_42_13-23-15.000.avi,2016,NSEO ,57890,21:55:42,13:55:42,50142,,,500,820,QC,Asia,0,,2016,42,1,,,,,,Good,Good Going Forward,GGF,GGF,5,AD,Passing,,,
SL_2016NSEO_Dive_42_13-23-15.000.avi,2016,NSEO ,57223,21:55:20,13:55:20,50120,,,628,818,QC,Asia,0,,2016,42,1,,,,,,Bad,loitering in same area,BLA,BLA,,AD,Passing,,,
SL_2016NSEO_Dive_42_13-23-15.000.avi,2016,NSEO ,48591,21:50:32,13:50:32,49832,,,551,798,QC,Asia,0,,2016,42,1,,,,,,Good,Good Going Forward,GGF,GGF,4,AD,Passing,,,
SL_2016NSEO_Dive_42_13-23-15.000.avi,2016,NSEO ,48352,21:50:24,13:50:24,49824,,,565,825,QC,Asia,0,,2016,42,1,,,,,,Bad,loitering in same area,BLA,BLA,,AD,Passing,,BLB for SL; BLA for belly,
SL_2016NSEO_Dive_42_13-23-15.000.avi,2016,NSEO ,45471,21:48:48,13:48:48,49728,,,587,803,QC,Asia,0,,2016,42,1,,,,,,Good,Good Going Forward,GGF,GGF,3,AD,Passing,,,
SL_2016NSEO_Dive_42_13-23-15.000.avi,2016,NSEO ,44980,21:48:32,13:48:32,49712,,,479,728,QC,Asia,0,,2016,42,1,,,,,,Bad,loitering in same area,BLA,BLA,,AD,Passing,,,
SL_2016NSEO_Dive_42_13-23-15.000.avi,2016,NSEO ,44779,21:48:25,13:48:25,49705,,,528,869,QC,Asia,0,,2016,42,1,,,,,,Good,Good Going Forward,GGF,GGF,2,AD,Passing,,BLB in SL but not in belly,
SL_2016NSEO_Dive_42_13-23-15.000.avi,2016,NSEO ,12920,21:30:43,13:30:43,48643,,,494,798,QC,Asia,0,,2016,42,1,,,,,,Good,Good Going Forward,GGF,GGF,2,AD,Passing,,,
SL_2016NSEO_Dive_42_13-23-15.000.avi,2016,NSEO ,12509,21:30:30,13:30:30,48630,,,551,799,QC,Asia,0,,2016,42,1,,,,,,Bad,loitering in same area,BLA,BLA,,AD,Passing,,,
SL_2016NSEO_Dive_42_13-23-15.000.avi,2016,NSEO ,739,21:23:57,13:23:57,48237,,,551,798,QC,Asia,0,,2016,42,1,,,,,,Good,Good Going Forward,GGF,GGF,1,AD,Passing,Start,,
SL_2016NSEO_Dive_43_14-34-57.000.avi,2016,NSEO ,52934,23:04:37,15:04:37,54277,,,549,794,QC,Asia,0,,2016,43,1,,,,,,Good,Good Going Forward,GGF,GGF,1,AD,Passing,End,,
SL_2016NSEO_Dive_43_14-34-57.000.avi,2016,NSEO ,273,22:35:22,14:35:22,52522,,,545,761,QC,Asia,0,,2016,43,1,,,,,,Good,Good Going Forward,GGF,GGF,1,AD,Passing,Start,,
SL_2016NSEO_Dive_45_11-24-52.000.avi,2016,NSEO ,84482,20:12:05,12:12:05,43925,,,604,736,QC,Asia,0,,2016,45,1,,,,,,Good,Good Going Forward,GGF,GGF,6,AD,Passing,End,,
SL_2016NSEO_Dive_45_11-24-52.000.avi,2016,NSEO ,78661,20:08:51,12:08:51,43731,,,597,918,QC,Asia,0,,2016,45,1,,,,,,Good,Good Going Forward,GGF,GGF,6,AD,Passing,,,
SL_2016NSEO_Dive_45_11-24-52.000.avi,2016,NSEO ,78082,20:08:32,12:08:32,43712,,,624,835,QC,Asia,0,,2016,45,1,,,,,,Good,resting on bottom with close-up image,GRBC,GRBC,5,AD,Passing,,,
SL_2016NSEO_Dive_45_11-24-52.000.avi,2016,NSEO ,37803,19:46:10,11:46:09,42369,,,596,797,QC,Asia,0,,2016,45,1,,,,,,Good,Good Going Forward,GGF,GGF,4,AD,Passing,,,
SL_2016NSEO_Dive_45_11-24-52.000.avi,2016,NSEO ,37436,19:45:57,11:45:57,42357,,,724,686,QC,Asia,0,,2016,45,1,,,,,,Good,resting on bottom with close-up image,GRBC,GRBC,3,AD,Passing,,,
SL_2016NSEO_Dive_45_11-24-52.000.avi,2016,NSEO ,2566,19:26:35,11:26:35,41195,,,738,684,QC,Asia,0,,2016,45,1,,,,,,Good,Good Going Forward,GGF,GGF,2,AD,Passing,,,
SL_2016NSEO_Dive_45_11-24-52.000.avi,2016,NSEO ,2276,19:26:25,11:26:25,41185,,,643,722,QC,Asia,0,,2016,45,1,,,,,,Bad,loitering in same area,BLA,BLA,,AD,Passing,,,
SL_2016NSEO_Dive_45_11-24-52.000.avi,2016,NSEO ,266,19:25:18,11:25:18,41118,,,636,825,QC,Asia,0,,2016,45,1,,,,,,Good,Good Going Forward,GGF,GGF,1,AD,Passing,Start,,
