"Filename","Frame","Time (HMS)","Period","Period time (HMS)","Length (mm)","Precision (mm)","RMS 1 (mm)","RMS 2 (mm)","Range (mm)","Direction (deg)","Horz. Dir. (deg)","Vert. Dir. (deg)","Mid X (mm)","Mid Y (mm)","Mid Z (mm)","OpCode","Tape Reader","Depth","Comment...20","Year","Dive No","Transect No","User Def. 4","User Def. 5","User Def. 6","User Def. 7","User Def. 8","Family","Genus","Species","Code","Number","Stage","Activity","Check ID","Comment...37","Event Time","Time (mins)","Period time (mins)"
"2013_56_1_SL.avi","16533","47:14.7","","","","32.054","2.618","","4050.484","19.977","","","1375.298","110.84","-3808.24","1","Kristen","0","old cameras","2013","56","1","","","","","","rockfish","rosethorn","150","150","1","","","","","",NA,NA
"2013_56_1_SL.avi","18726","48:27.9","","","","10.447","4.962","","2406.935","11.179","","","210.985","-442.504","-2356.483","1","Kristen","0","old cameras","2013","56","1","","","","","","rockfish","rosethorn","150","150","2","","","","","",NA,NA
"2013_56_1_SL.avi","23134","50:55.0","","","","5.575","9.939","","1659.436","18.759","","","182.401","-518.991","-1565.601","1","Kristen","0","old cameras","2013","56","1","","","","","","halibut","halibut","200","200","3","","","","no length; body not visible","",NA,NA
"2013_56_1_SL.avi","25576","52:16.4","","","","29.072","3.084","","3966.384","16.286","","","-1111.481","-85.152","-3806.516","1","Kristen","0","old cameras","2013","56","1","","","","","","rockfish","rosethorn","150","150","4","","","","","",NA,NA
"2013_56_1_SL.avi","36118","58:08.2","","","","17.081","1.06","","2890.034","19.83","","","931.343","-336.531","-2715.078","1","Kristen","0","old cameras","2013","56","1","","","","","","rockfish","rosethorn","150","150","5","","","","","",NA,NA
"2013_56_1_SL.avi","36943","58:35.7","","","","8.365","6.519","","2077.347","14.225","","","449.033","-265.226","-2010.819","1","Kristen","0","old cameras","2013","56","1","","","","","","rockfish","greenstripe","135","135","6","","","","","",NA,NA
"2013_56_1_SL.avi","63727","13:29.4","","","","38.913","4.298","","4519.94","18.815","","","-1425.156","258.906","-4281.56","1","Kristen","0","old cameras","2013","56","1","","","","","","rockfish","rosethorn","150","150","7","","","","","",NA,NA
"2013_13_1_SL.avi","790",NA,"",NA,"","12.806","6.4","","2758.609","7.965","","","-325.54","169.898","-2734.059","1","Kristen Green","0","old cameras, pause and restart, enter Horita time","2013","13","1","","","","","","rockfish","yelloweye","145","145","30","SU","resting on bottom","","","16:00:40","0.4393",""
"2013_13_1_SL.avi","814",NA,"",NA,"407.079","8.807","2.014","2.627","2407.483","3.195","13.346","6.837","-1.806","-160.936","-2402.097","1","Kristen Green","0","old cameras, pause and restart, enter Horita time","2013","13","1","","","","","","rockfish","yelloweye","145","145","30","SU","","","good length specimen ","16:00:40","0.4527",""
"2013_13_1_SL.avi","820",NA,"",NA,"","11.54","2.632","","2606.227","6.717","","","-174.185","-278.986","-2585.39","1","Kristen Green","0","old cameras, pause and restart, enter Horita time","2013","13","1","","","","","","rockfish","rosethorn","150","150","3","","","","","16:00:41","0.456",""
"2013_13_1_SL.avi","12846",NA,"",NA,"","55.384","7.785","","5848.032","10.677","","","-371.716","953.563","-5757.78","1","Kristen Green","0","old cameras, pause and restart, enter Horita time","2013","13","1","","","","","","rockfish","yellowtail","155","155","6","","","","","16:07:22","7.1438",""
"2013_13_1_SL.avi","13356",NA,"",NA,"","81.48","1.487","","6139.177","24.776","","","-2350.848","-1107.307","-5562.093","1","Kristen Green","0","old cameras, pause and restart, enter Horita time","2013","13","1","","","","","","rockfish","tiger","148","148","11","","","","","16:07:39","7.4274",""
"2013_13_1_SL.avi","13438",NA,"",NA,"","11.59","6.15","","2510.802","13.632","","","-574.149","116.128","-2441.515","1","Kristen Green","0","old cameras, pause and restart, enter Horita time","2013","13","1","","","","","","rockfish","yellowtail","155","155","7","","","","","16:07:42","7.473",""
"2013_13_1_SL.avi","13549",NA,"",NA,"","29.901","20.608","","4002.589","19.011","","","443.791","-1268.087","-3770.374","1","Kristen Green","0","old cameras, pause and restart, enter Horita time","2013","13","1","","","","","","rockfish","tiger","148","148","13","","","","hard to get a good RMS","16:07:45","7.5347",""
"2013_13_1_SL.avi","13867",NA,"",NA,"","37.471","0.832","","4776.196","9.44","","","-782.717","-19.963","-4711.582","1","Kristen Green","0","old cameras, pause and restart, enter Horita time","2013","13","1","","","","","","coral","red tree coral","10001","10001","31","","","","","","7.7116",""
"2013_13_1_SL.avi","14204",NA,"",NA,"","37.881","1.947","","4754.146","10.688","","","-772.943","372.063","-4676.113","1","Kristen Green","0","old cameras, pause and restart, enter Horita time","2013","13","1","","","","","","rockfish","canary","146","146","10","","","","","16:08:07","7.899",""
"2013_13_1_SL.avi","24367",NA,"",NA,"","28.912","6.888","","3722.161","22.388","","","-1367.168","-413.442","-3437.208","1","Kristen Green","0","old cameras, pause and restart, enter Horita time","2013","13","1","","","","","","rockfish","rosethorn","150","150","14","","","","","16:13:46","13.5507",""
"2013_13_1_SL.avi","25739",NA,"",NA,"","24.935","4.159","","3520.253","20.072","","","-887.189","-856.868","-3297.098","1","Kristen Green","0","old cameras, pause and restart, enter Horita time","2013","13","1","","","","","","cod","Pacific cod","110","110","15","","","","","16:14:32","14.3137",""
"2013_13_1_SL.avi","30826",NA,"",NA,"","18.895","7.691","","3086.53","18.121","","","-824.897","-523.694","-2927.791","1","Kristen Green","0","old cameras, pause and restart, enter Horita time","2013","13","1","","","","","","rockfish","rosethorn","150","150","16","","","","","16:17:22","17.1426",""
"2013_13_1_SL.avi","33113",NA,"",NA,"","19.335","2.564","","3495.462","3.669","","","-97.538","-240.163","-3485.837","1","Kristen Green","0","old cameras, pause and restart, enter Horita time","2013","13","1","","","","","","rockfish","rosethorn","150","150","17","","","","","16:18:38","18.4145",""
"2013_13_1_SL.avi","35745",NA,"",NA,"","15.704","6.124","","3169.705","1.73","","","65.583","34.371","-3168.84","1","Kristen Green","0","old cameras, pause and restart, enter Horita time","2013","13","1","","","","","","cod","Pacific cod","110","110","18","","","","","16:20:06","19.8782",""
"2013_13_1_SL.avi","62525",NA,"",NA,"","15.123","11.687","","3033.844","6.889","","","278.775","200.318","-3014.36","1","Kristen Green","0","old cameras, pause and restart, enter Horita time","2013","13","1","","","","","","coral","red tree coral","10001","10001","20","","","","","16:34:59","34.7708",""
"2013_13_1_SL.avi","62629",NA,"",NA,"","11.353","1.974","","2256.105","26.002","","","746.911","-670.961","-2020.383","1","Kristen Green","0","old cameras, pause and restart, enter Horita time","2013","13","1","","","","","","rockfish","rosethorn","150","150","21","","","","","16:35:03","34.8286",""
"2013_13_1_SL.avi","63458",NA,"",NA,"","34.486","9.803","","4459.908","18.218","","","-136.706","1340.312","-4251.547","1","Kristen Green","0","old cameras, pause and restart, enter Horita time","2013","13","1","","","","","","rockfish","yelloweye","145","145","22","AD","fish moving quickly into frame","","","16:35:31","35.2896",""
"2013_13_1_SL.avi","63466",NA,"",NA,"677.682","26.793","4.833","4.914","4267.93","16.734","3.192","65.446","-109.469","1178.306","-4100.589","1","Kristen Green","0","old cameras, pause and restart, enter Horita time","2013","13","1","","","","","","rockfish","yelloweye","145","145","22","AD","","","","16:35:31","35.2941",""
"2013_13_1_SL.avi","68306",NA,"",NA,"","41.214","8.599","","4638.844","19.454","","","-1544.73","-20.55","-4374.044","1","Kristen Green","0","old cameras, pause and restart, enter Horita time","2013","13","1","","","","","","rockfish","yelloweye","145","145","24","AD","actively swimming within frame","","whole body not visible; no length. ","16:38:12","37.9856",""
"2013_13_1_SL.avi","69014",NA,"",NA,"","47.189","5.856","","5005.599","19.727","","","-904.69","1374.394","-4727.43","1","Kristen Green","0","old cameras, pause and restart, enter Horita time","2013","13","1","","","","","","rockfish","yelloweye","145","145","26","AD","resting on bottom","no length; bad angle. ","","16:38:36","38.3794",""
"2013_13_1_SL.avi","70167",NA,"",NA,"","51.185","3.161","","5368.394","14.034","","","1179.154","493.627","-5213.98","1","Kristen Green","0","old cameras, pause and restart, enter Horita time","2013","13","1","","","","","","rockfish","yelloweye","145","145","27","AD","resting on bottom","","poor orientation; no length. ","16:39:14","39.0206",""
"2013_13_1_SL.avi","70632",NA,"",NA,"","52.101","6.687","","5344.609","18.654","","","702.379","1501.982","-5080.902","1","Kristen Green","0","old cameras, pause and restart, enter Horita time","2013","13","1","","","","","","rockfish","yelloweye","145","145","32","AD","actively swimming within frame","","poor orientation; no length ","16:39:30","39.2792",""
"2013_13_1_SL.avi","89266",NA,"",NA,"","49.759","7.402","","5400.02","11.148","","","-1014.367","-306.174","-5295.048","1","Kristen Green","0","old cameras, pause and restart, enter Horita time","2013","13","1","","","","","","rockfish","yelloweye","145","145","33","AD","actively swimming within frame","","","16:49:52","49.6417",""
"2013_13_1_SL.avi","89306",NA,"",NA,"536.271","51.065","5.811","0.421","4725.592","18.99","18.198","27.064","-1432.715","-608.214","-4461.908","1","Kristen Green","0","old cameras, pause and restart, enter Horita time","2013","13","1","","","","","","rockfish","yelloweye","145","145","33","AD","actively swimming within frame","","","16:49:53","49.664",""
"2013_41_1_SL.avi","2015","37:30.4","","","","51.221","3.821","","5451.517","12.499","","","815.54","793.222","-5331.485","1","Kristen Green","0","old cameras","2013","41","1","","","","","","rockfish","yelloweye","145","145","1","SU","resting on bottom","","","",NA,NA
"2013_41_1_SL.avi","2158","37:35.2","","","493.052","12.572","3.885","4.534","3114.242","6.153","11.678","19.882","130.766","-341.593","-3092.688","1","Kristen Green","0","old cameras","2013","41","1","","","","","","rockfish","yelloweye","145","145","1","SU","","","","",NA,NA
"2013_41_1_SL.avi","7549","40:35.1","","","","9.037","0.009","","2128.997","17.393","","","417.657","-502.817","-2026.17","1","Kristen Green","0","old cameras","2013","41","1","","","","","","rockfish","greenstripe","135","135","2","","","","","",NA,NA
"2013_41_1_SL.avi","13154","43:42.1","","","","41.809","6.363","","5232.663","6.114","","","-179.852","469.481","-5208.455","1","Kristen Green","0","old cameras","2013","41","1","","","","","","rockfish","tiger","148","148","3","","","","","",NA,NA
"2013_41_1_SL.avi","13360","43:49.0","","","","37.51","2.109","","4460.404","16.105","","","847.753","-948.916","-4275.053","1","Kristen Green","0","old cameras","2013","41","1","","","","","","rockfish","tiger","148","148","4","","","","","",NA,NA
"2013_41_1_SL.avi","27664","51:46.2","","","","7.816","3.901","","2075.397","10.114","","","-135.374","-361.148","-2039.244","1","Kristen Green","0","old cameras","2013","41","1","","","","","","halibut","halibut","200","200","5","","","","","",NA,NA
"2013_41_1_SL.avi","27665","51:46.3","","","334.726","14.626","2.649","6.032","2151.482","8.143","33.688","12.92","-8.138","-328.348","-2126.263","1","Kristen Green","0","old cameras","2013","41","1","","","","","","halibut","halibut","200","200","5","","","","","",NA,NA
"2013_41_1_SL.avi","35356","56:02.9","","","","17.555","5.568","","2892.489","23.612","","","-1136.193","197.052","-2652.683","1","Kristen Green","0","old cameras","2013","41","1","","","","","","rockfish","quillback","147","147","7","","","","","",NA,NA
"2013_41_1_SL.avi","40260","58:46.5","","","","56.866","2.094","","5392.908","19.511","","","1665.276","629.702","-5090.559","1","Kristen Green","0","old cameras","2013","41","1","","","","","","rockfish","tiger","148","148","8","","","","","",NA,NA
"2013_41_1_SL.avi","42091","59:47.6","","","","41.079","1.399","","5278.146","2.973","","","68.338","206.278","-5273.671","1","Kristen Green","0","old cameras","2013","41","1","","","","","","rockfish","yelloweye","145","145","9","AD","resting on bottom","","","",NA,NA
"2013_41_1_SL.avi","42198","59:51.2","","","513.764","15.302","8.223","9.212","3749.558","7.969","6.366","14.917","-482.317","-235.193","-3710.962","1","Kristen Green","0","old cameras","2013","41","1","","","","","","rockfish","yelloweye","145","145","9","AD","","","","",NA,NA
"2013_41_1_SL.avi","47976","03:04.0","","","","13.224","1.117","","2612.208","20.07","","","323.573","-863.299","-2444.104","1","Kristen Green","0","old cameras","2013","41","1","","","","","","rockfish","yelloweye","145","145","10","JV","resting on bottom","","can't see whole body, no length. ","",NA,NA
"2013_41_1_SL.avi","48516","03:22.0","","","","14.099","4.496","","2877.654","8.107","","","163.279","-403.244","-2844.578","1","Kristen Green","0","old cameras","2013","41","1","","","","","","rockfish","yelloweye","145","145","11","AD","milling/hovering","","can't see whole body, no length. ","",NA,NA
"2013_41_1_SL.avi","48599","03:24.8","","","","26.875","1.81","","3649.551","21.702","","","-838.737","-1095.003","-3378.862","1","Kristen Green","0","old cameras","2013","41","1","","","","","","rockfish","yelloweye","145","145","12","SU","resting on bottom","","can't see whole body, no length. ","",NA,NA
"2013_41_1_SL.avi","48691","03:27.8","","","","19.543","2.435","","3405.063","9.198","","","543.014","-0.006","-3361.486","1","Kristen Green","0","old cameras","2013","41","1","","","","","","rockfish","yellowtail","155","155","13","","","","","",NA,NA
"2013_41_1_SL.avi","51920","05:15.6","","","","10.821","0.524","","2523.423","6.658","","","-7.427","-320.419","-2502.986","1","Kristen Green","0","old cameras","2013","41","1","","","","","","rockfish","quillback","147","147","14","","","","","",NA,NA
"2013_41_1_SL.avi","68750","14:37.1","","","","13.597","0.337","","2621.815","18.227","","","528.298","-654.918","-2483.122","1","Kristen Green","0","old cameras","2013","41","1","","","","","","skate","skate","700","700","15","","","","","",NA,NA
"2013_47_1_SL.avi","209","21:07.2","","","612.283","22.226","5.862","7.818","3471.695","12.569","13.2","1.101","-697.374","252.841","-3391.52","1","Kristen Green","0","old cameras","2013","47","1","","","","","","rockfish","yelloweye","145","145","3","AD","","","","",NA,NA
"2013_47_1_SL.avi","239","21:08.2","","","","15.306","1.629","","3047.841","7.213","","","-341.64","138.674","-3025.456","1","Kristen Green","0","old cameras","2013","47","1","","","","","","rockfish","yelloweye","145","145","3","AD","milling/hovering","","right at SOT, confirm included ","",NA,NA
"2013_47_1_SL.avi","4190","23:20.1","","","","10.453","5.814","","2432.071","10.598","","","-51.07","-470.986","-2385.483","1","Kristen Green","0","old cameras","2013","47","1","","","","","","halibut","halibut","200","200","2","","","","","",NA,NA
"2013_47_1_SL.avi","4206","23:20.6","","","549.229","12.624","1.056","5.076","2390.291","12.035","21.059","7.685","137.812","-504.997","-2332.269","1","Kristen Green","0","old cameras","2013","47","1","","","","","","halibut","halibut","200","200","2","","","","","",NA,NA
"2013_47_1_SL.avi","4498","23:30.3","","","","15.237","1.62","","2854.084","13.881","","","615.252","-331.408","-2767.206","1","Kristen Green","0","old cameras","2013","47","1","","","","","","rockfish","yelloweye","145","145","4","AD","resting on bottom","","hiding in rock; no length ","",NA,NA
"2013_47_1_SL.avi","6307","24:30.7","","","","12.817","1.357","","2438.056","23.815","","","981.132","-105.77","-2229.419","1","Kristen Green","0","old cameras","2013","47","1","","","","","","rockfish","quillback","147","147","5","","","","","",NA,NA
"2013_47_1_SL.avi","15817","29:48.0","","","","39.221","1.589","","4508.439","18.942","","","1461.238","-128.759","-4263.124","1","Kristen Green","0","old cameras","2013","47","1","","","","","","rockfish","yelloweye","145","145","6","AD","milling/hovering","","hiding behind rock; no length ","",NA,NA
"2013_47_1_SL.avi","16270","30:03.1","","","","11.368","1.682","","2467.39","13.185","","","-438.779","-379.232","-2398.264","1","Kristen Green","0","old cameras","2013","47","1","","","","","","halibut","halibut","200","200","7","","","","","",NA,NA
"2013_47_1_SL.avi","16271","30:03.2","","","601.081","21.528","3.411","6.544","2280.176","12.348","45.75","12.232","-241.274","-448.53","-2222.569","1","Kristen Green","0","old cameras","2013","47","1","","","","","","halibut","halibut","200","200","7","","","","","",NA,NA
"2013_47_1_SL.avi","21944","33:12.4","","","","20.837","3.342","","3389.654","14.465","","","-792.881","260.431","-3285.312","1","Kristen Green","0","old cameras","2013","47","1","","","","","","cod","Pacific cod","110","110","8","","","","","",NA,NA
"2013_47_1_SL.avi","30361","37:53.3","","","","14.546","0.213","","2687.639","18.806","","","-813.997","-325.065","-2540.698","1","Kristen Green","0","old cameras","2013","47","1","","","","","","halibut","halibut","200","200","9","","","","","",NA,NA
"2013_47_1_SL.avi","30362","37:53.3","","","423.577","29.102","1.189","8.609","2878.247","15.181","36.792","17.202","-707.802","-289.968","-2774.751","1","Kristen Green","0","old cameras","2013","47","1","","","","","","halibut","halibut","200","200","9","","","","","",NA,NA
"2013_47_1_SL.avi","33329","39:32.3","","","","19.476","5.892","","3249.233","15.125","","","-447.024","-755.283","-3128.455","1","Kristen Green","0","old cameras","2013","47","1","","","","","","rockfish","rosethorn","150","150","10","","","","","",NA,NA
"2013_47_1_SL.avi","39436","42:56.1","","","","17.975","7.83","","2965.934","19.922","","","-907.9","-474.999","-2783.318","1","Kristen Green","0","old cameras","2013","47","1","","","","","","rockfish","quillback","147","147","28","","","","","",NA,NA
"2013_47_1_SL.avi","41387","44:01.2","","","","25.698","8.914","","3965.513","8.246","","","476.685","266.473","-3927.73","1","Kristen Green","0","old cameras","2013","47","1","","","","","","rockfish","quillback","147","147","29","","","","","",NA,NA
"2013_47_1_SL.avi","43478","45:11.0","","","","72.198","9.087","","6210.086","19.137","","","-1157.513","1609.277","-5885.198","1","Kristen Green","0","old cameras","2013","47","1","","","","","","rockfish","yelloweye","145","145","13","AD","actively swimming within frame","","bad angle/light; no length ","",NA,NA
"2013_47_1_SL.avi","44733","45:52.8","","","","20.333","1.063","","3060.871","23.849","","","1187.508","-379.688","-2795.459","1","Kristen Green","0","old cameras","2013","47","1","","","","","","rockfish","quillback","147","147","15","","","","","",NA,NA
"2013_47_1_SL.avi","46255","46:43.6","","","","33.98","2.437","","4537.496","12.715","","","-113.992","942.775","-4437.01","1","Kristen Green","0","old cameras","2013","47","1","","","","","","rockfish","quillback","147","147","16","","","","","",NA,NA
"2013_47_1_SL.avi","51304","49:32.1","","","","89.706","14.825","","6262.558","30.709","","","2594.129","1810.27","-5404.91","1","Kristen Green","0","old cameras","2013","47","1","","","","","","rockfish","yelloweye","145","145","17","AD","milling/hovering","","no length; also,  poor RMS. ","",NA,NA
"2013_47_1_SL.avi","54925","51:32.9","","","","19.805","0.95","","3392.912","9.483","","","-460.505","-354.166","-3342.806","1","Kristen Green","0","old cameras","2013","47","1","","","","","","rockfish","quillback","147","147","18","","","","","",NA,NA
"2013_47_1_SL.avi","56123","52:12.9","","","","11.34","7.735","","2384.81","18.428","","","-749.045","-110.319","-2261.433","1","Kristen Green","0","old cameras","2013","47","1","","","","","","rockfish","yellowtail","155","155","19","","","","","",NA,NA
"2013_47_1_SL.avi","56337","52:20.0","","","","5.899","4.558","","1803.563","6.691","","","-39.974","-226.259","-1788.868","1","Kristen Green","0","old cameras","2013","47","1","","","","","","rockfish","canary","146","146","20","","","","","",NA,NA
"2013_47_1_SL.avi","56374","52:21.3","","","","11.732","1.323","","2256.414","28.021","","","861.468","-639.88","-1984.901","1","Kristen Green","0","old cameras","2013","47","1","","","","","","rockfish","canary","146","146","21","","","","","",NA,NA
"2013_47_1_SL.avi","56920","52:39.5","","","","27.445","8.5","","3510.945","27.21","","","-1295.569","-982.8","-3111.646","1","Kristen Green","0","old cameras","2013","47","1","","","","","","rockfish","yelloweye","145","145","22","JV","resting on bottom","","no length; bad angle and vis. ","",NA,NA
"2013_47_1_SL.avi","57164","52:47.6","","","","58.663","0.291","","5215.422","25.986","","","2224.684","469.811","-4693.686","1","Kristen Green","0","old cameras","2013","47","1","","","","","","rockfish","canary","146","146","23","","","","","",NA,NA
"2013_47_1_SL.avi","58192","53:21.9","","","","20.717","2.378","","3068.492","25.92","","","1332.689","-182.313","-2757.961","1","Kristen Green","0","old cameras","2013","47","1","","","","","","rockfish","canary","146","146","24","","","","","",NA,NA
"2013_47_1_SL.avi","58336","53:26.7","","","","16.053","2.628","","2689.315","25.725","","","919.832","-745.636","-2414.612","1","Kristen Green","0","old cameras","2013","47","1","","","","","","rockfish","canary","146","146","25","","","","","",NA,NA
"2013_47_1_SL.avi","58830","53:43.2","","","","51.092","6.243","","5165.743","18.461","","","-1392.012","804.487","-4909.175","1","Kristen Green","0","old cameras","2013","47","1","","","","","","rockfish","quillback","147","147","26","","","","","",NA,NA
"2013_47_1_SL.avi","58902","53:45.6","","","","55.533","4.119","","5952.696","7.408","","","-550.877","468.522","-5908.604","1","Kristen Green","0","old cameras","2013","47","1","","","","","","rockfish","yelloweye","145","145","27","AD","Feeding","","no length; bad angle ","",NA,NA
"2013_45_1_SL.avi","2473","41:00.7","","","353.461","19.206","2.345","5.844","1907.089","17.264","69.047","6.151","352.858","-462.779","-1816.127","1","Kristen Green","0","old cameras","2013","45","1","","","","","","halibut","halibut","200","200","1","","","","","",NA,NA
"2013_45_1_SL.avi","2477","41:00.8","","","","6.365","3.09","","1730.291","21.153","","","404.652","-493.471","-1608.307","1","Kristen Green","0","old cameras","2013","45","1","","","","","","halibut","halibut","200","200","1","","","","","",NA,NA
"2013_45_1_SL.avi","8914","44:35.6","","","","9.979","2.849","","2183.1","19.973","","","678.446","-332.326","-2048.218","1","Kristen Green","0","old cameras","2013","45","1","","","","","","halibut","halibut","200","200","2","","","","no length poor orientation ","",NA,NA
"2013_45_1_SL.avi","11601","46:05.3","","","","15.823","4","","2694.574","24.967","","","975.426","557.666","-2449.139","1","Kristen Green","0","old cameras","2013","45","1","","","","","","rockfish","yelloweye","145","145","3","SU","","","no length; not all body visible","",NA,NA
"2013_45_1_SL.avi","18666","50:01.0","","","","10.669","4.88","","2243.655","21.628","","","-796.548","-245.464","-2083.086","1","Kristen Green","0","old cameras","2013","45","1","","","","","","halibut","halibut","200","200","4","","","","","",NA,NA
"2013_45_1_SL.avi","18684","50:01.6","","","242.424","23.33","5.508","5.785","2164.375","23.008","61.543","17.45","-790.761","-322.777","-1988.726","1","Kristen Green","0","old cameras","2013","45","1","","","","","","halibut","halibut","200","200","4","","","","poor horiz direction ","",NA,NA
"2013_45_1_SL.avi","40321","02:03.5","","","","8.759","5.166","","2259.348","5.457","","","-175.629","-148.831","-2247.589","1","Kristen Green","0","old cameras","2013","45","1","","","","","","halibut","halibut","200","200","5","","","","","",NA,NA
"2013_45_1_SL.avi","40347","02:04.4","","","348.299","16.768","0.549","0.665","1785.834","11.001","76.412","22.351","-171.226","-314.16","-1749.625","1","Kristen Green","0","old cameras","2013","45","1","","","","","","halibut","halibut","200","200","5","","","","","",NA,NA
"2013_45_1_SL.avi","43047","03:34.5","","","","7.233","2.01","","1931.799","13.659","","","429.721","-174.014","-1875.341","1","Kristen Green","0","old cameras","2013","45","1","","","","","","halibut","halibut","200","200","6","","","","","",NA,NA
"2013_45_1_SL.avi","43059","03:34.9","","","431.739","7.438","1.72","5.678","1656.226","12.316","24.145","6.393","220.812","-293.793","-1614.934","1","Kristen Green","0","old cameras","2013","45","1","","","","","","halibut","halibut","200","200","6","","","","","",NA,NA
"2013_45_1_SL.avi","48191","06:26.1","","","","42.116","4.27","","4931.815","12.615","","","1012.998","312.27","-4816.547","1","Kristen Green","0","old cameras","2013","45","1","","","","","","rockfish","yelloweye","145","145","7","SU","milling/hovering","","","",NA,NA
"2013_45_1_SL.avi","48326","06:30.6","","","417.779","23.212","1.811","1.665","2992.192","17.202","22.913","22.211","855.088","-259.582","-2855.636","1","Kristen Green","0","old cameras","2013","45","1","","","","","","rockfish","yelloweye","145","145","7","SU","","","","",NA,NA
"2013_45_1_SL.avi","53363","09:18.7","","","","8.286","0.263","","2181.163","6.281","","","101.211","-240.24","-2165.528","1","Kristen Green","0","old cameras","2013","45","1","","","","","","ratfish","ratfish","714","714","8","","","","","",NA,NA
"2013_45_1_SL.avi","54574","09:59.1","","","","10.058","4.158","","2416.619","7.004","","","-269.196","-146.654","-2397.097","1","Kristen Green","0","old cameras","2013","45","1","","","","","","halibut","halibut","200","200","9","","","","","",NA,NA
"2013_45_1_SL.avi","54597","09:59.9","","","410.531","18.627","5.212","6.739","2035.061","9.484","55.21","20.711","-151.519","-321.475","-2003.789","1","Kristen Green","0","old cameras","2013","45","1","","","","","","halibut","halibut","200","200","9","","","","","",NA,NA
"2013_45_1_SL.avi","65298","15:56.9","","","","6.574","1.072","","1782.979","19.334","","","356.506","-489.2","-1677.081","1","Kristen Green","0","old cameras","2013","45","1","","","","","","halibut","halibut","200","200","10","","","","","",NA,NA
"2013_45_1_SL.avi","65299","15:57.0","","","322.099","9.033","8.364","1.737","1831.858","15.852","26.857","12.834","225.223","-466.451","-1757.1","1","Kristen Green","0","old cameras","2013","45","1","","","","","","halibut","halibut","200","200","10","","","","","",NA,NA
"2013_14_1_SL.avi","14469","47:47.8","","","","19.375","3.379","","2990.522","25.508","","","1287.751","-45.452","-2698.677","1","Kristen Green","0","old cameras","2013","14","1","","","","","","rockfish","quillback","147","147","3","","","","","",NA,NA
"2013_14_1_SL.avi","15018","48:06.1","","","","17.426","0.774","","2801.978","25.178","","","1004.184","-670.553","-2528.449","1","Kristen Green","0","old cameras","2013","14","1","","","","","","rockfish","quillback","147","147","4","","","","","",NA,NA
"2013_14_1_SL.avi","15935","48:36.7","","","","5.435","1.64","","1578.859","22.261","","","399.365","-461.494","-1456.134","1","Kristen Green","0","old cameras","2013","14","1","","","","","","ratfish","ratfish","714","714","5","","","","","",NA,NA
"2013_14_1_SL.avi","23397","52:45.7","","","","10.558","2.948","","2185.982","27.727","","","-738.442","677.749","-1942.646","1","Kristen Green","0","old cameras","2013","14","1","","","","","","rockfish","quillback","147","147","6","","","","","",NA,NA
"2013_14_1_SL.avi","29001","55:52.7","","","","4.468","12.394","","1450.045","18.348","","","296.547","-362.331","-1372.372","1","Kristen Green","0","old cameras","2013","14","1","","","","","","cod","Pacific cod","110","110","7","","","","","",NA,NA
"2013_14_1_SL.avi","34574","58:58.7","","","","8.255","2.632","","1957.863","21.691","","","-631.134","-374.253","-1815.167","1","Kristen Green","0","old cameras","2013","14","1","","","","","","flatfish","Dover sole","124","124","8","","","","","",NA,NA
"2013_14_1_SL.avi","39577","01:45.6","","","","5.646","1.224","","1681.447","15.851","","","224.101","-418.897","-1612.938","1","Kristen Green","0","old cameras","2013","14","1","","","","","","ratfish","ratfish","714","714","9","","","","","",NA,NA
"2013_14_1_SL.avi","48769","06:52.3","","","","74.763","6.662","","6181.624","19.891","","","1991.247","612.155","-5820.024","1","Kristen Green","0","old cameras","2013","14","1","","","","","","rockfish","yelloweye","145","145","10","AD","resting on bottom","","","",NA,NA
"2013_14_1_SL.avi","48845","06:54.8","","","462.435","59.886","7.232","3.745","4754.549","22.934","12.188","16.485","1851.732","11.672","-4379.12","1","Kristen Green","0","old cameras","2013","14","1","","","","","","rockfish","yelloweye","145","145","10","AD","","","","",NA,NA
"2013_14_1_SL.avi","49136","07:04.5","","","","10.758","1.626","","2346.421","15.682","","","534.108","-367.191","-2255.126","1","Kristen Green","0","old cameras","2013","14","1","","","","","","rockfish","greenstripe","135","135","11","","","","","",NA,NA
"2013_49_1_SL.avi","11422",NA,"",NA,"","33.213","6.853","","4197.441","18.064","","","-1278.86","197.471","-3992.998","1","Kristen Green","0","old cameras, pause and restart,  enter Horita time","2013","49","1","","","","","","rockfish","yelloweye","145","145","2","AD","actively swimming within frame","","bad angle; no length","3:09:23","6.3519",""
"2013_49_1_SL.avi","17785",NA,"",NA,"","38.647","1.445","","4498.474","16.65","","","-1131.089","-665.957","-4302.721","1","Kristen Green","0","old cameras, pause and restart,  enter Horita time","2013","49","1","","","","","","rockfish","yelloweye","145","145","3","SU","resting on bottom","","","3:12:55","9.8904",""
"2013_49_1_SL.avi","17851",NA,"",NA,"428.016","55.697","6.054","4.684","3722.005","19.163","50.053","24.55","-911.786","-852.36","-3506.487","1","Kristen Green","0","old cameras, pause and restart,  enter Horita time","2013","49","1","","","","","","rockfish","yelloweye","145","145","3","SU","","","","3:12:58","9.9271",""
"2013_49_1_SL.avi","43327",NA,"",NA,"","27.221","6.528","","3908.379","12.496","","","514.213","-713.857","-3808.073","1","Kristen Green","0","old cameras, pause and restart,  enter Horita time","2013","49","1","","","","","","rockfish","tiger","148","148","4","","","","","3:27:08","24.0946",""
"2013_49_1_SL.avi","63873",NA,"",NA,"","8.397","0.895","","2219.079","4.569","","","175.183","-48.16","-2211.629","1","Kristen Green","0","old cameras, pause and restart,  enter Horita time","2013","49","1","","","","","","halibut","halibut","200","200","6","","","","","3:38:33","35.5204",""
"2013_49_1_SL.avi","63911",NA,"",NA,"519.913","14.13","7.509","0.68","1575.371","8.64","77.734","18.362","148.837","-201.367","-1555.344","1","Kristen Green","0","old cameras, pause and restart,  enter Horita time","2013","49","1","","","","","","halibut","halibut","200","200","6","","","","","3:38:35","35.5415",""
"2013_49_1_SL.avi","74113",NA,"",NA,"","15.597","5.266","","2664.604","24.957","","","-940.367","-643.099","-2408.786","1","Kristen Green","0","old cameras, pause and restart,  enter Horita time","2013","49","1","","","","","","rockfish","canary","146","146","7","","","","","3:44:15","41.215",""
"2013_49_1_SL.avi","78818",NA,"",NA,"","19.273","2.885","","3286.021","13.331","","","-579.952","451.884","-3202.716","1","Kristen Green","0","old cameras, pause and restart,  enter Horita time","2013","49","1","","","","","","rockfish","yellowtail","155","155","8","","","","","3:46:52","43.8315",""
"2013_49_1_SL.avi","79920",NA,"",NA,"","10.002","5.408","","2381.998","9.393","","","-138.726","-389.343","-2345.865","1","Kristen Green","0","old cameras, pause and restart,  enter Horita time","2013","49","1","","","","","","rockfish","rosethorn","150","150","9","","","","","3:47:29","44.4443",""
"2013_49_1_SL.avi","82490",NA,"",NA,"","70.753","9.276","","6585.566","9.784","","","719.507","784.827","-6498.926","1","Kristen Green","0","old cameras, pause and restart,  enter Horita time","2013","49","1","","","","","","rockfish","yelloweye","145","145","10","AD","milling/hovering","","","3:48:55","45.8735",""
"2013_49_1_SL.avi","82752",NA,"",NA,"663.455","29.117","6.675","2.752","3995.554","14.281","8.239","1.945","985.345","-67.544","-3871.562","1","Kristen Green","0","old cameras, pause and restart,  enter Horita time","2013","49","1","","","","","","rockfish","yelloweye","145","145","10","AD","","","","3:49:03","46.0192",""
"2013_9_1_SL.avi","14857","32:18.8","","","","11.964","6.106","","2481.446","17.262","","","-678.372","259.918","-2372.725","1","Kristen Green","0","old cameras","2013","9","1","","","","","","rockfish","silvergray","157","157","2","","","","","",NA,NA
"2013_9_1_SL.avi","15043","32:25.0","","","","9.939","1.169","","2289.467","13.514","","","415.247","-362.126","-2222.182","1","Kristen Green","0","old cameras","2013","9","1","","","","","","ratfish","ratfish","714","714","3","","","","","",NA,NA
"2013_9_1_SL.avi","16423","33:11.1","","","","11.76","0.334","","2572.056","10.262","","","-285.106","-386.906","-2526.755","1","Kristen Green","0","old cameras","2013","9","1","","","","","","rockfish","rosethorn","150","150","4","","","","","",NA,NA
"2013_9_1_SL.avi","17956","34:02.2","","","","14.724","2.352","","2775.701","15.386","","","-593.017","-466.478","-2671.188","1","Kristen Green","0","old cameras","2013","9","1","","","","","","rockfish","rosethorn","150","150","5","","","","","",NA,NA
"2013_9_1_SL.avi","20427","35:24.7","","","515.897","12.697","7.4","4.418","2537.287","17.893","3.474","12.267","728.394","-304.637","-2411.32","1","Kristen Green","0","old cameras","2013","9","1","","","","","","halibut","halibut","200","200","6","","","","","",NA,NA
"2013_9_1_SL.avi","20427","35:24.7","","","","14.489","0.593","","2596.795","22.633","","","950.772","-334.383","-2393.233","1","Kristen Green","0","old cameras","2013","9","1","","","","","","halibut","halibut","200","200","6","","","","","",NA,NA
"2013_9_1_SL.avi","20896","35:40.3","","","","31.611","3.053","","4244.558","19.558","","","98.033","1372.884","-4015.202","1","Kristen Green","0","old cameras","2013","9","1","","","","","","rockfish","","10024","10024","7","","","","","",NA,NA
"2013_9_1_SL.avi","30841","41:12.2","","","","21.4","1.76","","3087.657","27.61","","","-1164.8","-861.687","-2726.602","1","Kristen Green","0","old cameras","2013","9","1","","","","","","rockfish","yelloweye","145","145","30","AD","","","no length; not all body visible","",NA,NA
"2013_9_1_SL.avi","35627","43:51.9","","","","14.661","2.081","","2687.05","21.128","","","-959.386","105.062","-2507.744","1","Kristen Green","0","old cameras","2013","9","1","","","","","","rockfish","silvergray","157","157","8","","","","","",NA,NA
"2013_9_1_SL.avi","44119","48:35.2","","","","6.664","2.62","","1881.559","11.104","","","230.499","-300.161","-1843.106","1","Kristen Green","0","old cameras","2013","9","1","","","","","","cod","Pacific cod","110","110","9","","","","","",NA,NA
"2013_9_1_SL.avi","48864","51:13.5","","","","7.082","9.968","","1810.019","22.821","","","477.185","-533.471","-1662.49","1","Kristen Green","0","old cameras","2013","9","1","","","","","","ratfish","ratfish","714","714","10","","","","","",NA,NA
"2013_9_1_SL.avi","48864","51:13.5","","","","29.299","3.203","","4105.83","12.737","","","-876.835","180.217","-4007.059","1","Kristen Green","0","old cameras","2013","9","1","","","","","","ratfish","ratfish","714","714","11","","","","","",NA,NA
"2013_9_1_SL.avi","50048","51:53.0","","","","7.366","6.362","","1856.166","22.943","","","447.139","-587.869","-1702.888","1","Kristen Green","0","old cameras","2013","9","1","","","","","","ratfish","ratfish","714","714","12","","","","","",NA,NA
"2013_9_1_SL.avi","50667","52:13.7","","","","15.625","2.745","","3123.482","5.668","","","-150.785","234.451","-3111.018","1","Kristen Green","0","old cameras","2013","9","1","","","","","","ratfish","ratfish","714","714","13","","","","","",NA,NA
"2013_9_1_SL.avi","51389","52:37.8","","","","9.755","2.475","","2364.157","8.505","","","346.387","21.534","-2338.545","1","Kristen Green","0","old cameras","2013","9","1","","","","","","ratfish","ratfish","714","714","14","","","","","",NA,NA
"2013_9_1_SL.avi","51764","52:50.3","","","","27.208","3.264","","3758.296","18.362","","","1135.794","294.436","-3570.444","1","Kristen Green","0","old cameras","2013","9","1","","","","","","ratfish","ratfish","714","714","15","","","","","",NA,NA
"2013_9_1_SL.avi","62749","58:56.8","","","","17.247","0.819","","2959.08","19.009","","","963.791","-40.039","-2797.438","1","Kristen Green","0","old cameras","2013","9","1","","","","","","ratfish","ratfish","714","714","16","","","","","",NA,NA
"2013_9_1_SL.avi","66902","01:15.4","","","","10.89","7.043","","2387.093","19.391","","","185.078","-795.7","-2242.949","1","Kristen Green","0","old cameras","2013","9","1","","","","","","rockfish","rosethorn","150","150","17","","","","","",NA,NA
"2013_9_1_SL.avi","67923","01:49.5","","","","6.231","46.379","","1869.787","6.244","","","-200.615","12.645","-1858.95","1","Kristen Green","0","old cameras","2013","9","1","","","","","","rockfish","canary","146","146","18","","","","","",NA,NA
"2013_9_1_SL.avi","67972","01:51.1","","","","78.996","1.665","","6429.851","18.571","","","-1718.891","1044.973","-6107.08","1","Kristen Green","0","old cameras","2013","9","1","","","","","","rockfish","canary","146","146","19","","","","","",NA,NA
"2013_9_1_SL.avi","67972","01:51.1","","","","91.645","29.413","","7304.046","13.307","","","-1012.7","1262.598","-7122.456","1","Kristen Green","0","old cameras","2013","9","1","","","","","","rockfish","canary","146","146","20","","","","","",NA,NA
"2013_9_1_SL.avi","67972","01:51.1","","","","79.567","24.24","","7082.05","9.592","","","381.478","1038.783","-6995.058","1","Kristen Green","0","old cameras","2013","9","1","","","","","","rockfish","canary","146","146","21","","","","","",NA,NA
"2013_9_1_SL.avi","67972","01:51.1","","","","107.362","12.497","","8260.748","11.032","","","75.383","1488.498","-8125.186","1","Kristen Green","0","old cameras","2013","9","1","","","","","","rockfish","canary","146","146","22","","","","","",NA,NA
"2013_9_1_SL.avi","68126","01:56.2","","","","50.478","4.057","","4937.889","24.271","","","2023.809","104.481","-4502.891","1","Kristen Green","0","old cameras","2013","9","1","","","","","","rockfish","canary","146","146","23","","","","","",NA,NA
"2013_9_1_SL.avi","68126","01:56.2","","","","69.153","1.096","","5894.642","20.709","","","1645.269","1218.361","-5527.702","1","Kristen Green","0","old cameras","2013","9","1","","","","","","rockfish","canary","146","146","24","","","","","",NA,NA
"2013_9_1_SL.avi","68126","01:56.2","","","","49.881","3.713","","5199.325","20.471","","","658.892","1640.365","-4889.585","1","Kristen Green","0","old cameras","2013","9","1","","","","","","rockfish","canary","146","146","25","","","","","",NA,NA
"2013_9_1_SL.avi","68296","02:01.9","","","","30.823","1.551","","4329.858","7.521","","","503.778","-307.361","-4289.453","1","Kristen Green","0","old cameras","2013","9","1","","","","","","rockfish","yellowtail","155","155","26","","","","","",NA,NA
"2013_9_1_SL.avi","68296","02:01.9","","","","43.223","15.682","","4590.965","21.963","","","1505.925","777.395","-4266.71","1","Kristen Green","0","old cameras","2013","9","1","","","","","","rockfish","yellowtail","155","155","27","","","","","",NA,NA
"2013_9_1_SL.avi","68903","02:22.2","","","","6.991","2.418","","1992.959","6.344","","","-219.263","-1.605","-1980.86","1","Kristen Green","0","old cameras","2013","9","1","","","","","","rockfish","canary","146","146","28","","","","large school of canaries","",NA,NA
"2013_9_1_SL.avi","68903","02:22.2","","","","63.747","2.576","","6176.935","11.553","","","653.846","982.608","-6063.126","1","Kristen Green","0","old cameras","2013","9","1","","","","","","rockfish","canary","146","146","29","","","","","",NA,NA
