Filename,Frame,Time (HMS),Period,Period time (HMS),Image row,Image col,OpCode,Tape Reader,Depth,Comment,Year,Dive No,Transect No,User Def. 4,User Def. 5,User Def. 6,User Def. 7,User Def. 8,Family,Genus,Species,Code,Number,Stage,Activity,Start/End,Comment,Event Time HH:MM:SS,Time (HMS),Actual Time (HMS),Actual Time (AKSTD),Seconds,,
SL_FW_Dive_01_14-33-17.912.avi,754,22:33:59,,,346,424,QC,Asia,0,,2015,1,1,,,,,,Good,Good Going Forward,GGF,GGF,1,,,Start,,,22:33:59,22:33:59,14:33:59,52439,,
SL_FW_Dive_01_14-33-17.912.avi,1526,22:34:25,,,373,790,QC,Asia,0,,2015,1,1,,,,,,Bad,repositioned,BRP,BRP,,,,,ROV turning,22:34:24,22:34:25,22:34:24,14:34:24,52464,,
SL_FW_Dive_01_14-33-17.912.avi,2089,22:34:44,,,305,704,QC,Asia,0,,2015,1,1,,,,,,Good,Good Going Forward,GGF,GGF,2,,,,,,22:34:44,22:34:44,14:34:44,52484,,
SL_FW_Dive_01_14-33-17.912.avi,36329,22:53:45,,,376,541,QC,Asia,0,,2015,1,1,,,,,,Bad,repositioned,BRP,BRP,,,,,hit rock, redirect,22:53:45,22:53:45,14:53:45,53625,,
SL_FW_Dive_01_14-33-17.912.avi,36559,22:53:53,,,240,680,QC,Asia,0,,2015,1,1,,,,,,Good,Good Going Forward,GGF,GGF,3,,,,,,22:53:53,22:53:53,14:53:53,53633,,
SL_FW_Dive_01_14-33-17.912.avi,39685,22:55:37,,,690,501,QC,Asia,0,,2015,1,1,,,,,,Bad,repositioned,BRP,BRP,,,,,turning,,22:55:37,22:55:37,14:55:37,53737,,
SL_FW_Dive_01_14-33-17.912.avi,39991,22:55:47,,,341,719,QC,Asia,0,,2015,1,1,,,,,,Good,Good Going Forward,GGF,GGF,4,,,,,,22:55:47,22:55:47,14:55:47,53747,,
SL_FW_Dive_01_14-33-17.912.avi,43395,22:57:41,,,488,581,QC,Asia,0,,2015,1,1,,,,,,Bad,loitering in same area,BLA,BLA,,,,,,,22:57:41,22:57:41,14:57:41,53861,,
SL_FW_Dive_01_14-33-17.912.avi,43575,22:57:47,,,353,601,QC,Asia,0,,2015,1,1,,,,,,Good,Good Going Forward,GGF,GGF,5,,,,,,22:57:47,22:57:47,14:57:47,53867,,
SL_FW_Dive_01_14-33-17.912.avi,79740,23:17:52,,,359,644,QC,Asia,0,,2015,1,1,,,,,,Bad,lost bottom visual,BLB,BLB,,,,,,,23:17:52,23:17:52,15:17:52,55072,,
SL_FW_Dive_01_14-33-17.912.avi,80393,23:18:14,,,394,639,QC,Asia,0,,2015,1,1,,,,,,Good,Good Going Forward,GGF,GGF,6,,,,,,23:18:14,23:18:14,15:18:14,55094,,
SL_FW_Dive_01_14-33-17.912.avi,85225,23:20:55,,,477,630,QC,Asia,0,,2015,1,1,,,,,,Good,Good Going Forward,GGF,GGF,6,,,End,,,23:20:55,23:20:55,15:20:55,55255,,
SL_FW_Dive_02_16-27-15.035.avi,308,0:27:30,,,496,521,QC,Asia,0,,2015,2,2,,,,,,Good,Good Going Forward,GGF,GGF,1,,,Start,,,0:27:30,0:27:30,16:27:30,59250,,
SL_FW_Dive_02_16-27-15.035.avi,543,0:27:38,,,641,633,QC,Asia,0,,2015,2,2,,,,,,Good,Good Going Forward,GGF,GGF,1,,,,ROV turning,,0:27:38,0:27:38,16:27:38,59258,,
SL_FW_Dive_02_16-27-15.035.avi,792,0:27:46,,,668,456,QC,Asia,0,,2015,2,2,,,,,,Good,Good Going Forward,GGF,GGF,1,,,,going straight again,,0:27:46,0:27:46,16:27:46,59266,,
SL_FW_Dive_02_16-27-15.035.avi,40203,0:49:40,,,449,623,QC,Asia,0,,2015,2,2,,,,,,Good,Good Going Forward,GGF,GGF,1,,,,hits something,,0:49:40,0:49:40,16:49:40,60580,,
SL_FW_Dive_02_16-27-15.035.avi,41430,0:50:21,,,314,352,QC,Asia,0,,2015,2,2,,,,,,Good,Good Going Forward,GGF,GGF,1,,,,back on track,,0:50:21,0:50:21,16:50:21,60621,,
SL_FW_Dive_02_16-27-15.035.avi,51193,0:55:46,,,443,303,QC,Asia,0,,2015,2,2,,,,,,Good,Good Going Forward,GGF,GGF,1,,,,odd ROV movement,,0:55:46,0:55:46,16:55:46,60946,,
SL_FW_Dive_02_16-27-15.035.avi,52034,0:56:14,,,424,555,QC,Asia,0,,2015,2,2,,,,,,Good,Good Going Forward,GGF,GGF,1,,,,back to normal,,0:56:14,0:56:14,16:56:14,60974,,
SL_FW_Dive_02_16-27-15.035.avi,60163,1:00:45,,,444,623,QC,Asia,0,,2015,2,2,,,,,,Bad,loitering in same area,BLA,BLA,,,,,,,1:00:45,1:00:45,17:00:45,61245,,
SL_FW_Dive_02_16-27-15.035.avi,60275,1:00:49,,,496,837,QC,Asia,0,,2015,2,2,,,,,,Good,Good Going Forward,GGF,GGF,2,,,,,,1:00:49,1:00:49,17:00:49,61249,,
SL_FW_Dive_02_16-27-15.035.avi,89892,1:17:16,,,532,707,QC,Asia,0,,2015,2,2,,,,,,Good,Good Going Forward,GGF,GGF,2,,,End,,,1:17:16,1:17:16,17:17:16,62236,,
SL_FW_Dive_03_17-52-02.051.avi,1171,1:53:22,,,459,534,QC,Asia,0,,2015,3,3,,,,,,Good,Good Going Forward,GGF,GGF,1,,,Start,,,1:53:22,1:53:22,17:53:22,64402,,
SL_FW_Dive_03_17-52-02.051.avi,14979,2:01:02,,,436,349,QC,Asia,0,,2015,3,3,,,,,,Bad,repositioned,BRP,BRP,,,,,hit bottom,,2:01:02,2:01:02,18:01:02,64862,,
SL_FW_Dive_03_17-52-02.051.avi,15161,2:01:08,,,510,563,QC,Asia,0,,2015,3,3,,,,,,Good,Good Going Forward,GGF,GGF,2,,,,,,2:01:08,2:01:08,18:01:08,64868,,
SL_FW_Dive_03_17-52-02.051.avi,17158,2:02:15,,,407,597,QC,Asia,0,,2015,3,3,,,,,,Bad,going backwards,BGB,BGB,,,,,,,2:02:15,2:02:15,18:02:15,64935,,
SL_FW_Dive_03_17-52-02.051.avi,17312,2:02:20,,,505,659,QC,Asia,0,,2015,3,3,,,,,,Good,Good Going Forward,GGF,GGF,3,,,,,,2:02:20,2:02:20,18:02:20,64940,,
SL_FW_Dive_03_17-52-02.051.avi,83403,2:39:03,,,522,575,QC,Asia,0,,2015,3,3,,,,,,Good,Good Going Forward,GGF,GGF,3,,,End,fish after shake,,2:39:03,2:39:03,18:39:03,67143,,
SL_FW_Dive_04_19-32-03.475.avi,854,3:32:36,,,371,409,QC,Asia,0,,2015,4,5,,,,,,Good,Good Going Forward,GGF,GGF,1,,,Start,,,3:32:36,3:32:36,19:32:36,70356,,
SL_FW_Dive_04_19-32-03.475.avi,72755,4:12:33,,,474,735,QC,Asia,0,,2015,4,5,,,,,,Good,Good Going Forward,GGF,GGF,1,,,End,,,4:12:33,4:12:33,20:12:33,72753,,
SL_FW_Dive_05_21-14-38.614.avi,490,5:14:59,,,351,298,QC,Asia,0,,2015,5,4,,,,,,Good,Good Going Forward,GGF,GGF,1,,,Start,,,5:14:59,5:14:59,21:14:59,76499,,
SL_FW_Dive_05_21-14-38.614.avi,25897,5:29:06,,,541,526,QC,Asia,0,,2015,5,4,,,,,,Good,Good Going Forward,GGF,GGF,1,,,,turning,,5:29:06,5:29:06,21:29:06,77346,,
SL_FW_Dive_05_21-14-38.614.avi,26092,5:29:13,,,415,517,QC,Asia,0,,2015,5,4,,,,,,Good,Good Going Forward,GGF,GGF,1,,,,turn complete moving forward,,5:29:13,5:29:13,21:29:13,77353,,
SL_FW_Dive_05_21-14-38.614.avi,57283,5:46:32,,,744,589,QC,Asia,0,,2015,5,4,,,,,,Bad,loitering in same area,BLA,BLA,,,,,also hits rock,,5:46:32,5:46:32,21:46:32,78392,,
SL_FW_Dive_05_21-14-38.614.avi,57497,5:46:40,,,499,495,QC,Asia,0,,2015,5,4,,,,,,Good,Good Going Forward,GGF,GGF,2,,,,,,5:46:40,5:46:40,21:46:40,78400,,
SL_FW_Dive_05_21-14-38.614.avi,66772,5:51:49,,,484,399,QC,Asia,0,,2015,5,4,,,,,,Bad,going backwards,BGB,BGB,,,,,,,5:51:49,5:51:49,21:51:49,78709,,
SL_FW_Dive_05_21-14-38.614.avi,66945,5:51:55,,,444,611,QC,Asia,0,,2015,5,4,,,,,,Good,Good Going Forward,GGF,GGF,3,,,,,,5:51:55,5:51:55,21:51:54,78714,,
SL_FW_Dive_05_21-14-38.614.avi,67662,5:52:18,,,553,526,QC,Asia,0,,2015,5,4,,,,,,Good,Good Going Forward,GGF,GGF,3,,,End,,,5:52:18,5:52:18,21:52:18,78738,,
SL_FW_Dive_06_07-06-38.096.avi,1034,15:07:18,,,396,313,QC,Asia,0,,2015,6,6,,,,,,Good,Good Going Forward,GGF,GGF,1,,,Start,,,15:07:18,15:07:18,7:07:18,25638,,
SL_FW_Dive_06_07-06-38.096.avi,76163,15:49:02,,,544,520,QC,Asia,0,,2015,6,6,,,,,,Good,Good Going Forward,GGF,GGF,1,,,End,,,15:49:02,15:49:02,7:49:02,28142,,
SL_FW_Dive_07_08-55-12.383.avi,629,16:58:58,,,404,468,QC,Asia,0,,2015,7,21,,,,,,Good,Good Going Forward,GGF,GGF,1,,,Start,,,16:58:58,16:58:58,8:58:58,32338,,
SL_FW_Dive_07_08-55-12.383.avi,64459,17:34:26,,,518,391,QC,Asia,0,,2015,7,21,,,,,,Good,Good Going Forward,GGF,GGF,1,,,,odd ROV behavior,,17:34:26,17:34:26,9:34:26,34466,,
SL_FW_Dive_07_08-55-12.383.avi,64612,17:34:31,,,436,357,QC,Asia,0,,2015,7,21,,,,,,Good,Good Going Forward,GGF,GGF,1,,,,back to normal,,17:34:31,17:34:31,9:34:31,34471,,
SL_FW_Dive_07_08-55-12.383.avi,69856,17:37:26,,,509,429,QC,Asia,0,,2015,7,21,,,,,,Good,Good Going Forward,GGF,GGF,1,,,End,,,17:37:26,17:37:26,9:37:26,34646,,
SL_FW_Dive_08_10-14-34.600.avi,583,18:21:12,,,450,408,QC,Asia,0,,2015,8,19,,,,,,Good,Good Going Forward,GGF,GGF,1,,,Start,,,18:21:12,18:21:12,10:21:12,37272,,
SL_FW_Dive_08_10-14-34.600.avi,3940,18:23:04,,,378,214,QC,Asia,0,,2015,8,19,,,,,,Good,Good Going Forward,GGF,GGF,1,,,End,No head shake. Dive restarted ,,18:23:04,18:23:04,10:23:04,37384,,
SL_FW_Dive_09_11-46-39.419.avi,724,19:52:52,,,487,622,QC,Asia,0,,2015,9,19,,,,,,Good,Good Going Forward,GGF,GGF,1,,,Start,,,19:52:52,19:52:52,11:52:52,42772,,
SL_FW_Dive_09_11-46-39.419.avi,67306,20:29:52,,,575,701,QC,Asia,0,,2015,9,19,,,,,,Good,Good Going Forward,GGF,GGF,1,,,End,,,20:29:52,20:29:52,12:29:51,44991,,
SL_FW_Dive_10_13-04-12.293.avi,621,21:07:46,,,518,651,QC,Asia,0,,2015,10,12,,,,,,Good,Good Going Forward,GGF,GGF,1,,,Start,fish before head shake,,21:07:46,21:07:46,13:07:46,47266,,
SL_FW_Dive_10_13-04-12.293.avi,76104,21:49:42,,,270,569,QC,Asia,0,,2015,10,12,,,,,,Bad,going backwards,BGB,BGB,,,,,,,21:49:42,21:49:42,13:49:42,49782,,
SL_FW_Dive_10_13-04-12.293.avi,76253,21:49:47,,,313,625,QC,Asia,0,,2015,10,12,,,,,,Good,Good Going Forward,GGF,GGF,2,,,,,,21:49:47,21:49:47,13:49:47,49787,,
SL_FW_Dive_10_13-04-12.293.avi,82635,21:53:20,,,544,781,QC,Asia,0,,2015,10,12,,,,,,Good,Good Going Forward,GGF,GGF,2,,,End,fish after head shake,,21:53:20,21:53:20,13:53:19,49999,,
SL_FW_Dive_11_14-31-41.952.avi,1432,22:32:40,,,476,731,QC,Asia,0,,2015,11a,10,,,,,,Good,Good Going Forward,GGF,GGF,1,,,Start,,,22:32:40,22:32:40,14:32:40,52360,,
SL_FW_Dive_11_14-31-41.952.avi,7387,22:35:58,,,397,619,QC,Asia,0,,2015,11a,10,,,,,,Bad,lost bottom visual,BLB,BLB,0,,,,,,22:35:58,22:35:58,14:35:58,52558,,
SL_FW_Dive_11_14-31-41.952.avi,7725,22:36:10,,,606,862,QC,Asia,0,,2015,11a,10,,,,,,Good,Good Going Forward,GGF,GGF,2,,,,,,22:36:10,22:36:10,14:36:09,52569,,
SL_FW_Dive_11_14-31-41.952.avi,9588,22:37:12,,,408,537,QC,Asia,0,,2015,11a,10,,,,,,Bad,lost bottom visual,BLB,BLB,,,,,,,22:37:12,22:37:12,14:37:12,52632,,
SL_FW_Dive_11_14-31-41.952.avi,9820,22:37:19,,,575,1156,QC,Asia,0,,2015,11a,10,,,,,,Good,Good Going Forward,GGF,GGF,3,,,,,,22:37:19,22:37:19,14:37:19,52639,,
SL_FW_Dive_11_14-31-41.952.avi,12252,22:38:40,,,638,924,QC,Asia,0,,2015,11a,10,,,,,,Good,Good Going Forward,GGF,GGF,3,,,End,2 files for dive due to camera issue,,22:38:40,22:38:40,14:38:40,52720,,
SL_FW_Dive_12_15-42-55.118.avi,1335,23:51:00,,,437,713,QC,Asia,0,,2015,12,8,,,,,,Good,Good Going Forward,GGF,GGF,1,,,Start,,,23:51:00,23:51:00,15:51:00,57060,,
SL_FW_Dive_12_15-42-55.118.avi,17538,0:00:00,,,505,508,QC,Asia,0,,2015,12,8,,,,,,Good,Good Going Forward,GGF,GGF,1,,,,video overlay reads 0:00:00 and Event Measure time 24:00:00,00:00:002,0:00:00,0:00:00,16:00:00,57600,,
SL_FW_Dive_12_15-42-55.118.avi,70796,0:29:35,,,607,685,QC,Asia,0,,2015,12,8,,,,,,Good,Good Going Forward,GGF,GGF,1,,,End,,0:29:35,0:29:35,0:29:35,16:29:35,59375,,
SL_FW_Dive_13_16-58-04.834.avi,1394,0:58:59,,,459,689,QC,Asia,0,,2015,13,9,,,,,,Good,Good Going Forward,GGF,GGF,1,,,Start,,,0:58:59,0:58:59,16:58:59,61139,,
SL_FW_Dive_13_16-58-04.834.avi,36759,1:18:38,,,391,777,QC,Asia,0,,2015,13,9,,,,,,Bad,loitering in same area,BLA,BLA,,,,,,,1:18:38,1:18:38,17:18:38,62318,,
SL_FW_Dive_13_16-58-04.834.avi,36994,1:18:46,,,468,702,QC,Asia,0,,2015,13,9,,,,,,Good,Good Going Forward,GGF,GGF,2,,,,,,1:18:46,1:18:46,17:18:46,62326,,
SL_FW_Dive_13_16-58-04.834.avi,55942,1:29:18,,,315,441,QC,Asia,0,,2015,13,9,,,,,,Bad,loitering in same area,BLA,BLA,,,,,,,1:29:18,1:29:18,17:29:18,62958,,
SL_FW_Dive_13_16-58-04.834.avi,56154,1:29:25,,,559,649,QC,Asia,0,,2015,13,9,,,,,,Good,Good Going Forward,GGF,GGF,3,,,,,,1:29:25,1:29:25,17:29:25,62965,,
SL_FW_Dive_13_16-58-04.834.avi,64235,1:33:54,,,466,639,QC,Asia,0,,2015,13,9,,,,,,Good,Good Going Forward,GGF,GGF,3,,,End,,,1:33:54,1:33:54,17:33:54,63234,,
SL_FW_Dive_14_18-11-18.049.avi,1279,2:14:01,,,474,532,QC,Asia,0,,2015,14,11,,,,,,Good,Good Going Forward,GGF,GGF,1,,,Start,,,2:14:01,2:14:01,18:14:01,65641,,
SL_FW_Dive_14_18-11-18.049.avi,57871,2:45:27,,,554,421,QC,Asia,0,,2015,14,11,,,,,,Bad,going backwards,BGB,BGB,,,,,,,2:45:27,2:45:27,18:45:27,67527,,
SL_FW_Dive_14_18-11-18.049.avi,58128,2:45:36,,,514,468,QC,Asia,0,,2015,14,11,,,,,,Good,Good Going Forward,GGF,GGF,2,,,,,,2:45:36,2:45:36,18:45:36,67536,,
SL_FW_Dive_14_18-11-18.049.avi,67015,2:50:32,,,532,347,QC,Asia,0,,2015,14,11,,,,,,Bad,going backwards,BGB,BGB,,,,,,,2:50:32,2:50:32,18:50:32,67832,,
SL_FW_Dive_14_18-11-18.049.avi,67282,2:50:41,,,608,632,QC,Asia,0,,2015,14,11,,,,,,Bad,lost bottom visual,BLB,BLB,,,,,,,2:50:41,2:50:41,18:50:41,67841,,
SL_FW_Dive_14_18-11-18.049.avi,67555,2:50:50,,,446,563,QC,Asia,0,,2015,14,11,,,,,,Good,Good Going Forward,GGF,GGF,3,,,,,,2:50:50,2:50:50,18:50:50,67850,,
SL_FW_Dive_14_18-11-18.049.avi,78411,2:56:52,,,406,527,QC,Asia,0,,2015,14,11,,,,,,Good,Good Going Forward,GGF,GGF,3,,,End,,,2:56:52,2:56:52,18:56:52,68212,,
SL_FW_Dive_15_19-49-39.381.avi,351,3:50:02,,,414,278,QC,Asia,0,,2015,15,13,,,,,,Good,Good Going Forward,GGF,GGF,1,,,Start,,,3:50:02,3:50:02,19:50:02,71402,,
SL_FW_Dive_15_19-49-39.381.avi,7604,3:54:03,,,655,609,QC,Asia,0,,2015,15,13,,,,,,Bad,loitering in same area,BLA,BLA,,,,,,,3:54:03,3:54:03,19:54:03,71643,,
SL_FW_Dive_15_19-49-39.381.avi,7701,3:54:07,,,395,452,QC,Asia,0,,2015,15,13,,,,,,Good,Good Going Forward,GGF,GGF,2,,,,,,3:54:07,3:54:07,19:54:07,71647,,
SL_FW_Dive_15_19-49-39.381.avi,47543,4:16:15,,,637,663,QC,Asia,0,,2015,15,13,,,,,,Bad,lost bottom visual,BLB,BLB,,,,,,,4:16:15,4:16:15,20:16:15,72975,,
SL_FW_Dive_15_19-49-39.381.avi,47633,4:16:18,,,414,674,QC,Asia,0,,2015,15,13,,,,,,Good,Good Going Forward,GGF,GGF,3,,,,,,4:16:18,4:16:18,20:16:18,72978,,
SL_FW_Dive_15_19-49-39.381.avi,71345,4:29:28,,,422,447,QC,Asia,0,,2015,15,13,,,,,,Good,Good Going Forward,GGF,GGF,3,,,End,,,4:29:28,4:29:28,20:29:28,73768,,
SL_FW_Dive_16_06-24-24.026.avi,308,14:24:46,,,337,418,QC,Asia,0,,2015,16,15,,,,,,Good,Good Going Forward,GGF,GGF,1,,,Start,,,14:24:46,14:24:46,6:24:46,23086,,
SL_FW_Dive_16_06-24-24.026.avi,32018,14:42:23,,,498,579,QC,Asia,0,,2015,16,15,,,,,,Bad,lost bottom visual,BLB,BLB,,,,,,,14:42:23,14:42:23,6:42:23,24143,,
SL_FW_Dive_16_06-24-24.026.avi,32286,14:42:32,,,428,655,QC,Asia,0,,2015,16,15,,,,,,Good,Good Going Forward,GGF,GGF,2,,,,,,14:42:32,14:42:32,6:42:32,24152,,
SL_FW_Dive_16_06-24-24.026.avi,41302,14:47:32,,,497,830,QC,Asia,0,,2015,16,15,,,,,,Bad,lost bottom visual,BLB,BLB,,,,,,,14:47:32,14:47:32,6:47:32,24452,,
SL_FW_Dive_16_06-24-24.026.avi,41633,14:47:43,,,415,500,QC,Asia,0,,2015,16,15,,,,,,Good,Good Going Forward,GGF,GGF,3,,,,,,14:47:43,14:47:43,6:47:43,24463,,
SL_FW_Dive_16_06-24-24.026.avi,49205,14:51:56,,,496,292,QC,Asia,0,,2015,16,15,,,,,,Good,Good Going Forward,GGF,GGF,3,,,,video skips a second,,14:51:56,14:51:56,6:51:56,24716,,
SL_FW_Dive_16_06-24-24.026.avi,71729,15:04:26,,,497,605,QC,Asia,0,,2015,16,15,,,,,,Bad,repositioned,BRP,BRP,,,,,,,15:04:26,15:04:26,7:04:26,25466,,
SL_FW_Dive_16_06-24-24.026.avi,71930,15:04:33,,,457,636,QC,Asia,0,,2015,16,15,,,,,,Good,Good Going Forward,GGF,GGF,4,,,,,15:04:32,15:04:33,15:04:32,7:04:32,25472,,
SL_FW_Dive_16_06-24-24.026.avi,74893,15:06:12,,,561,734,QC,Asia,0,,2015,16,15,,,,,,Good,Good Going Forward,GGF,GGF,4,,,End,,15:06:11,15:06:12,15:06:11,7:06:11,25571,,
SL_FW_Dive_17_07-40-00.436.avi,945,15:40:43,,,453,710,QC,Asia,0,,2015,17,14,,,,,,Good,Good Going Forward,GGF,GGF,1,,,Start,fish before head shake,,15:40:43,15:40:43,7:40:43,27643,,
SL_FW_Dive_17_07-40-00.436.avi,20708,15:51:42,,,458,652,QC,Asia,0,,2015,17,14,,,,,,Bad,loitering in same area,BLA,BLA,,,,,,,15:51:42,15:51:42,7:51:42,28302,,
SL_FW_Dive_17_07-40-00.436.avi,20821,15:51:45,,,598,240,QC,Asia,0,,2015,17,14,,,,,,Good,Good Going Forward,GGF,GGF,2,,,,,,15:51:45,15:51:45,7:51:45,28305,,
SL_FW_Dive_17_07-40-00.436.avi,36367,16:00:23,,,442,757,QC,Asia,0,,2015,17,14,,,,,,Bad,going backwards,BGB,BGB,,,,,,,16:00:23,16:00:23,8:00:23,28823,,
SL_FW_Dive_17_07-40-00.436.avi,36647,16:00:33,,,449,530,QC,Asia,0,,2015,17,14,,,,,,Good,Good Going Forward,GGF,GGF,3,,,,,,16:00:33,16:00:33,8:00:33,28833,,
SL_FW_Dive_17_07-40-00.436.avi,47738,16:06:43,,,492,330,QC,Asia,0,,2015,17,14,,,,,,Bad,lost bottom visual,BLB,BLB,,,,,,,16:06:43,16:06:43,8:06:42,29202,,
SL_FW_Dive_17_07-40-00.436.avi,47983,16:06:51,,,399,375,QC,Asia,0,,2015,17,14,,,,,,Good,Good Going Forward,GGF,GGF,4,,,,,,16:06:51,16:06:51,8:06:51,29211,,
SL_FW_Dive_17_07-40-00.436.avi,74198,16:21:25,,,505,484,QC,Asia,0,,2015,17,14,,,,,,Bad,going backwards,BGB,BGB,,,,,,,16:21:25,16:21:25,8:21:24,30084,,
SL_FW_Dive_17_07-40-00.436.avi,74369,16:21:30,,,383,419,QC,Asia,0,,2015,17,14,,,,,,Good,Good Going Forward,GGF,GGF,5,,,,,,16:21:30,16:21:30,8:21:30,30090,,
SL_FW_Dive_17_07-40-00.436.avi,74923,16:21:49,,,536,625,QC,Asia,0,,2015,17,14,,,,,,Bad,loitering in same area,BLA,BLA,,,,,,,16:21:49,16:21:49,8:21:49,30109,,
SL_FW_Dive_17_07-40-00.436.avi,75061,16:21:53,,,450,606,QC,Asia,0,,2015,17,14,,,,,,Good,Good Going Forward,GGF,GGF,6,,,,,,16:21:53,16:21:53,8:21:53,30113,,
SL_FW_Dive_17_07-40-00.436.avi,76951,16:22:56,,,595,672,QC,Asia,0,,2015,17,14,,,,,,Bad,going backwards,BGB,BGB,,,,,,,16:22:56,16:22:56,8:22:56,30176,,
SL_FW_Dive_17_07-40-00.436.avi,77513,16:23:15,,,671,537,QC,Asia,0,,2015,17,14,,,,,,Good,Good Going Forward,GGF,GGF,7,,,,,,16:23:15,16:23:15,8:23:15,30195,,
SL_FW_Dive_17_07-40-00.436.avi,77735,16:23:22,,,414,701,QC,Asia,0,,2015,17,14,,,,,,Bad,lost bottom visual,BLB,BLB,,,,,,,16:23:22,16:23:22,8:23:22,30202,,
SL_FW_Dive_17_07-40-00.436.avi,77958,16:23:30,,,505,718,QC,Asia,0,,2015,17,14,,,,,,Good,Good Going Forward,GGF,GGF,8,,,,,,16:23:30,16:23:30,8:23:30,30210,,
SL_FW_Dive_17_07-40-00.436.avi,86175,16:28:04,,,652,853,QC,Asia,0,,2015,17,14,,,,,,Bad,going backwards,BGB,BGB,,,,,,,16:28:04,16:28:04,8:28:04,30484,,
SL_FW_Dive_17_07-40-00.436.avi,86379,16:28:11,,,326,505,QC,Asia,0,,2015,17,14,,,,,,Good,Good Going Forward,GGF,GGF,9,,,,,,16:28:11,16:28:11,8:28:11,30491,,
SL_FW_Dive_17_07-40-00.436.avi,88230,16:29:12,,,539,673,QC,Asia,0,,2015,17,14,,,,,,Good,Good Going Forward,GGF,GGF,9,,,End,,,16:29:12,16:29:12,8:29:12,30552,,
SL_FW_Dive_18_09-09-57.708.avi,539,17:12:03,,,682,685,QC,Asia,0,,2015,18,15,,,,,,Good,Good Going Forward,GGF,GGF,1,,,Start,,,17:12:03,17:12:03,9:12:03,33123,,
SL_FW_Dive_18_09-09-57.708.avi,5273,17:14:41,,,569,511,QC,Asia,0,,2015,18,15,,,,,,Bad,repositioned,BRP,BRP,,,,,,,17:14:41,17:14:41,9:14:41,33281,,
SL_FW_Dive_18_09-09-57.708.avi,5478,17:14:48,,,509,572,QC,Asia,0,,2015,18,15,,,,,,Good,Good Going Forward,GGF,GGF,2,,,,,,17:14:48,17:14:48,9:14:48,33288,,
SL_FW_Dive_18_09-09-57.708.avi,28154,17:27:24,,,522,709,QC,Asia,0,,2015,18,15,,,,,,Bad,lost bottom visual,BLB,BLB,,,,,,,17:27:24,17:27:24,9:27:24,34044,,
SL_FW_Dive_18_09-09-57.708.avi,28317,17:27:29,,,338,689,QC,Asia,0,,2015,18,15,,,,,,Good,Good Going Forward,GGF,GGF,3,,,,,,17:27:29,17:27:29,9:27:29,34049,,
SL_FW_Dive_18_09-09-57.708.avi,58435,17:44:13,,,450,549,QC,Asia,0,,2015,18,15,,,,,,Bad,going backwards,BGB,BGB,,,,,,,17:44:13,17:44:13,9:44:13,35053,,
SL_FW_Dive_18_09-09-57.708.avi,58575,17:44:18,,,373,485,QC,Asia,0,,2015,18,15,,,,,,Good,Good Going Forward,GGF,GGF,4,,,,,,17:44:18,17:44:18,9:44:18,35058,,
SL_FW_Dive_18_09-09-57.708.avi,61317,17:45:49,,,517,455,QC,Asia,0,,2015,18,15,,,,,,Bad,lost bottom visual,BLB,BLB,,,,,,,17:45:49,17:45:49,9:45:49,35149,,
SL_FW_Dive_18_09-09-57.708.avi,62957,17:46:44,,,466,788,QC,Asia,0,,2015,18,15,,,,,,Good,Good Going Forward,GGF,GGF,5,,,,,,17:46:44,17:46:44,9:46:44,35204,,
SL_FW_Dive_18_09-09-57.708.avi,69682,17:50:28,,,559,693,QC,Asia,0,,2015,18,15,,,,,,Good,Good Going Forward,GGF,GGF,5,,,End,,,17:50:28,17:50:28,9:50:28,35428,,
SL_FW_Dive_19_10-32-28.019.avi,532,18:34:19,,,504,530,QC,Asia,0,,2015,19,17,,,,,,Good,Good Going Forward,GGF,GGF,1,,,Start,,,18:34:19,18:34:19,10:34:19,38059,,
SL_FW_Dive_19_10-32-28.019.avi,2666,18:35:31,,,489,579,QC,Asia,0,,2015,19,17,,,,,,Bad,repositioned,BRP,BRP,,,,,video paused,18:35:31,18:35:31,18:35:31,10:35:31,38131,,
SL_FW_Dive_19_10-32-28.019.avi,4020,18:36:16,,,324,478,QC,Asia,0,,2015,19,17,,,,,,Good,Good Going Forward,GGF,GGF,2,,,,hypack back on, resume transect,18:36:16,18:36:16,10:36:16,38176,,
SL_FW_Dive_19_10-32-28.019.avi,4576,18:36:34,,,516,616,QC,Asia,0,,2015,19,17,,,,,,Bad,lost bottom visual,BLB,BLB,,,,,,,18:36:34,18:36:34,10:36:34,38194,,
SL_FW_Dive_19_10-32-28.019.avi,5296,18:36:58,,,544,684,QC,Asia,0,,2015,19,17,,,,,,Good,Good Going Forward,GGF,GGF,3,,,,,,18:36:58,18:36:58,10:36:58,38218,,
SL_FW_Dive_19_10-32-28.019.avi,9469,18:39:17,,,447,481,QC,Asia,0,,2015,19,17,,,,,,Bad,repositioned,BRP,BRP,,,,,,,18:39:17,18:39:17,10:39:17,38357,,
SL_FW_Dive_19_10-32-28.019.avi,10860,18:40:04,,,420,634,QC,Asia,0,,2015,19,17,,,,,,Good,Good Going Forward,GGF,GGF,4,,,,,,18:40:04,18:40:04,10:40:04,38404,,
SL_FW_Dive_19_10-32-28.019.avi,70090,19:12:58,,,603,862,QC,Asia,0,,2015,19,17,,,,,,Good,Good Going Forward,GGF,GGF,4,,,End,,,19:12:58,19:12:58,11:12:58,40378,,
SL_FW_Dive_20_12-33-07.871.avi,865,20:33:49,,,763,386,QC,Asia,0,,2015,20,18,,,,,,Good,Good Going Forward,GGF,GGF,1,,,Start,,,20:33:49,20:33:49,12:33:49,45229,,
SL_FW_Dive_20_12-33-07.871.avi,41173,20:56:12,,,681,433,QC,Asia,0,,2015,20,18,,,,,,Bad,loitering in same area,BLA,BLA,,,,,,,20:56:12,20:56:12,12:56:12,46572,,
SL_FW_Dive_20_12-33-07.871.avi,41488,20:56:23,,,418,352,QC,Asia,0,,2015,20,18,,,,,,Good,Good Going Forward,GGF,GGF,2,,,,,,20:56:23,20:56:23,12:56:23,46583,,
SL_FW_Dive_20_12-33-07.871.avi,75607,21:15:20,,,400,482,QC,Asia,0,,2015,20,18,,,,,,Good,Good Going Forward,GGF,GGF,2,,,End,,,21:15:20,21:15:20,13:15:20,47720,,
SL_FW_Dive_21_14-13-13.541.avi,831,22:13:51,,,444,623,QC,Asia,0,,2015,21,20,,,,,,Good,Good Going Forward,GGF,GGF,1,,,Start,,,22:13:51,22:13:51,14:13:51,51231,,
SL_FW_Dive_21_14-13-13.541.avi,73522,22:54:14,,,686,492,QC,Asia,0,,2015,21,20,,,,,,Good,Good Going Forward,GGF,GGF,1,,,End,,,22:54:14,22:54:14,14:54:14,53654,,
SL_FW_Dive_22_15-36-34.207.avi,1100,23:37:22,,,286,478,QC,Asia,0,,2015,22,22,,,,,,Good,Good Going Forward,GGF,GGF,1,,,Start,,,23:37:22,23:37:22,15:37:22,56242,,
SL_FW_Dive_22_15-36-34.207.avi,3975,23:38:57,,,558,461,QC,Asia,0,,2015,22,22,,,,,,Bad,lost bottom visual,BLB,BLB,,,,,,,23:38:57,23:38:57,15:38:57,56337,,
SL_FW_Dive_22_15-36-34.207.avi,4440,23:39:13,,,584,559,QC,Asia,0,,2015,22,22,,,,,,Good,Good Going Forward,GGF,GGF,2,,,,,,23:39:13,23:39:13,15:39:13,56353,,
SL_FW_Dive_22_15-36-34.207.avi,5122,23:39:36,,,812,178,QC,Asia,0,,2015,22,22,,,,,,Bad,lost bottom visual,BLB,BLB,,,,,,,23:39:36,23:39:36,15:39:36,56376,,
SL_FW_Dive_22_15-36-34.207.avi,5286,23:39:41,,,447,392,QC,Asia,0,,2015,22,22,,,,,,Good,Good Going Forward,GGF,GGF,3,,,,,,23:39:41,23:39:41,15:39:41,56381,,
SL_FW_Dive_22_15-36-34.207.avi,14886,23:45:01,,,446,371,QC,Asia,0,,2015,22,22,,,,,,Bad,lost bottom visual,BLB,BLB,,,,,,,23:45:01,23:45:01,15:45:01,56701,,
SL_FW_Dive_22_15-36-34.207.avi,15472,23:45:21,,,357,384,QC,Asia,0,,2015,22,22,,,,,,Good,Good Going Forward,GGF,GGF,4,,,,,,23:45:21,23:45:21,15:45:21,56721,,
SL_FW_Dive_22_15-36-34.207.avi,22241,23:49:06,,,634,608,QC,Asia,0,,2015,22,22,,,,,,Bad,lost bottom visual,BLB,BLB,,,,,,,23:49:06,23:49:06,15:49:06,56946,,
SL_FW_Dive_22_15-36-34.207.avi,23272,23:49:41,,,614,597,QC,Asia,0,,2015,22,22,,,,,,Good,Good Going Forward,GGF,GGF,5,,,,,,23:49:41,23:49:41,15:49:41,56981,,
SL_FW_Dive_22_15-36-34.207.avi,26534,23:51:29,,,456,345,QC,Asia,0,,2015,22,22,,,,,,Bad,lost bottom visual,BLB,BLB,,,,,,,23:51:29,23:51:29,15:51:29,57089,,
SL_FW_Dive_22_15-36-34.207.avi,27372,23:51:57,,,464,471,QC,Asia,0,,2015,22,22,,,,,,Good,Good Going Forward,GGF,GGF,6,,,,,,23:51:57,23:51:57,15:51:57,57117,,
SL_FW_Dive_22_15-36-34.207.avi,72603,0:17:05,,,582,480,QC,Asia,0,,2015,22,22,,,,,,Good,Good Going Forward,GGF,GGF,6,,,End,Times don't match,00:17:04076,0:17:05,0:17:04,16:17:04,58624,,
SL_FW_Dive_23_16-50-22.315.avi,717,0:51:05,,,533,762,QC,Asia,0,,2015,23,23,,,,,,Good,Good Going Forward,GGF,GGF,1,,,Start,,,0:51:05,0:51:05,16:51:05,60665,,
SL_FW_Dive_23_16-50-22.315.avi,18625,1:01:02,,,539,468,QC,Asia,0,,2015,23,23,,,,,,Bad,going over drop-off,BDO,BDO,,,,,,,1:01:02,1:01:02,17:01:02,61262,,
SL_FW_Dive_23_16-50-22.315.avi,18778,1:01:07,,,328,541,QC,Asia,0,,2015,23,23,,,,,,Good,Good Going Forward,GGF,GGF,2,,,,,,1:01:07,1:01:07,17:01:07,61267,,
SL_FW_Dive_23_16-50-22.315.avi,58644,1:23:16,,,594,567,QC,Asia,0,,2015,23,23,,,,,,Bad,lost bottom visual,BLB,BLB,,,,,,,1:23:16,1:23:16,17:23:16,62596,,
SL_FW_Dive_23_16-50-22.315.avi,59244,1:23:36,,,499,474,QC,Asia,0,,2015,23,23,,,,,,Good,Good Going Forward,GGF,GGF,3,,,,,,1:23:36,1:23:36,17:23:36,62616,,
SL_FW_Dive_23_16-50-22.315.avi,62617,1:25:29,,,359,512,QC,Asia,0,,2015,23,23,,,,,,Bad,lost bottom visual,BLB,BLB,,,,,,,1:25:29,1:25:29,17:25:29,62729,,
SL_FW_Dive_23_16-50-22.315.avi,63221,1:25:49,,,447,783,QC,Asia,0,,2015,23,23,,,,,,Good,Good Going Forward,GGF,GGF,4,,,,,,1:25:49,1:25:49,17:25:49,62749,,
SL_FW_Dive_23_16-50-22.315.avi,64610,1:26:35,,,556,579,QC,Asia,0,,2015,23,23,,,,,,Bad,lost bottom visual,BLB,BLB,,,,,,,1:26:35,1:26:35,17:26:35,62795,,
SL_FW_Dive_23_16-50-22.315.avi,65745,1:27:13,,,678,794,QC,Asia,0,,2015,23,23,,,,,,Good,Good Going Forward,GGF,GGF,5,,,,,,1:27:13,1:27:13,17:27:13,62833,,
SL_FW_Dive_23_16-50-22.315.avi,68854,1:28:57,,,286,735,QC,Asia,0,,2015,23,23,,,,,,Bad,lost bottom visual,BLB,BLB,,,,,,,1:28:57,1:28:57,17:28:57,62937,,
SL_FW_Dive_23_16-50-22.315.avi,69108,1:29:05,,,379,501,QC,Asia,0,,2015,23,23,,,,,,Bad,lost bottom visual,BLB,BLB,,,,End,,,1:29:05,1:29:05,17:29:05,62945,,
SL_FW_Dive_24_17-55-53.690.avi,700,2:06:07,,,464,595,QC,Asia,0,,2015,24,27,,,,,,Good,Good Going Forward,GGF,GGF,1,,,Start,,,2:06:07,2:06:07,18:06:07,65167,,
SL_FW_Dive_24_17-55-53.690.avi,48848,2:32:52,,,575,415,QC,Asia,0,,2015,24,27,,,,,,Bad,loitering in same area,BLA,BLA,,,,,,,2:32:52,2:32:52,18:32:51,66771,,
SL_FW_Dive_24_17-55-53.690.avi,48990,2:32:56,,,391,395,QC,Asia,0,,2015,24,27,,,,,,Good,Good Going Forward,GGF,GGF,2,,,,,,2:32:56,2:32:56,18:32:56,66776,,
SL_FW_Dive_24_17-55-53.690.avi,65150,2:41:55,,,475,446,QC,Asia,0,,2015,24,27,,,,,,Good,Good Going Forward,GGF,GGF,2,,,End,,,2:41:55,2:41:55,18:41:55,67315,,
SL_FW_Dive_25_19-29-21.879.avi,1104,3:30:11,,,456,703,QC,Asia,0,,2015,25,24,,,,,,Good,Good Going Forward,GGF,GGF,1,,,Start,fish before start,,3:30:11,3:30:11,19:30:11,70211,,
SL_FW_Dive_25_19-29-21.879.avi,1703,3:30:31,,,545,395,QC,Asia,0,,2015,25,24,,,,,,Bad,lost bottom visual,BLB,BLB,,,,,,,3:30:31,3:30:31,19:30:31,70231,,
SL_FW_Dive_25_19-29-21.879.avi,2164,3:30:46,,,488,564,QC,Asia,0,,2015,25,24,,,,,,Good,Good Going Forward,GGF,GGF,2,,,,,,3:30:46,3:30:46,19:30:46,70246,,
SL_FW_Dive_25_19-29-21.879.avi,4737,3:32:12,,,378,348,QC,Asia,0,,2015,25,24,,,,,,Bad,lost bottom visual,BLB,BLB,,,,,,,3:32:12,3:32:12,19:32:12,70332,,
SL_FW_Dive_25_19-29-21.879.avi,5333,3:32:32,,,478,374,QC,Asia,0,,2015,25,24,,,,,,Good,Good Going Forward,GGF,GGF,3,,,,,,3:32:32,3:32:32,19:32:32,70352,,
SL_FW_Dive_25_19-29-21.879.avi,8845,3:34:29,,,683,551,QC,Asia,0,,2015,25,24,,,,,,Bad,lost bottom visual,BLB,BLB,,,,,,,3:34:29,3:34:29,19:34:29,70469,,
SL_FW_Dive_25_19-29-21.879.avi,8954,3:34:32,,,594,529,QC,Asia,0,,2015,25,24,,,,,,Good,Good Going Forward,GGF,GGF,4,,,,,,3:34:32,3:34:32,19:34:32,70472,,
SL_FW_Dive_25_19-29-21.879.avi,9128,3:34:38,,,604,441,QC,Asia,0,,2015,25,24,,,,,,Bad,lost bottom visual,BLB,BLB,,,,,,,3:34:38,3:34:38,19:34:38,70478,,
SL_FW_Dive_25_19-29-21.879.avi,9613,3:34:54,,,246,249,QC,Asia,0,,2015,25,24,,,,,,Good,Good Going Forward,GGF,GGF,5,,,,,,3:34:54,3:34:54,19:34:54,70494,,
SL_FW_Dive_25_19-29-21.879.avi,13112,3:36:51,,,435,554,QC,Asia,0,,2015,25,24,,,,,,Bad,lost bottom visual,BLB,BLB,,,,,,,3:36:51,3:36:51,19:36:51,70611,,
SL_FW_Dive_25_19-29-21.879.avi,13279,3:36:57,,,383,475,QC,Asia,0,,2015,25,24,,,,,,Good,Good Going Forward,GGF,GGF,6,,,,,,3:36:57,3:36:57,19:36:57,70617,,
SL_FW_Dive_25_19-29-21.879.avi,70366,4:08:39,,,516,615,QC,Asia,0,,2015,25,24,,,,,,Good,Good Going Forward,GGF,GGF,6,,,End,,,4:08:39,4:08:39,20:08:39,72519,,
SL_FW_Dive_26_05-55-19.425.avi,349,13:55:47,,,622,546,QC,Asia,0,,2015,26,28,,,,,,Good,Good Going Forward,GGF,GGF,1,,,Start,,,13:55:47,13:55:47,5:55:47,21347,,
SL_FW_Dive_26_05-55-19.425.avi,1767,13:56:34,,,463,359,QC,Asia,0,,2015,26,28,,,,,,Bad,lost bottom visual,BLB,BLB,,,,,,,13:56:34,13:56:34,5:56:34,21394,,
SL_FW_Dive_26_05-55-19.425.avi,2009,13:56:42,,,455,452,QC,Asia,0,,2015,26,28,,,,,,Good,Good Going Forward,GGF,GGF,2,,,,,,13:56:42,13:56:42,5:56:42,21402,,
SL_FW_Dive_26_05-55-19.425.avi,10456,14:01:24,,,556,651,QC,Asia,0,,2015,26,28,,,,,,Bad,lost bottom visual,BLB,BLB,,,,,,,14:01:24,14:01:24,6:01:24,21684,,
SL_FW_Dive_26_05-55-19.425.avi,10863,14:01:38,,,405,320,QC,Asia,0,,2015,26,28,,,,,,Good,Good Going Forward,GGF,GGF,3,,,,,,14:01:38,14:01:38,6:01:38,21698,,
SL_FW_Dive_26_05-55-19.425.avi,34520,14:14:46,,,629,467,QC,Asia,0,,2015,26,28,,,,,,Bad,lost bottom visual,BLB,BLB,,,,,,,14:14:46,14:14:46,6:14:46,22486,,
SL_FW_Dive_26_05-55-19.425.avi,34724,14:14:53,,,367,573,QC,Asia,0,,2015,26,28,,,,,,Good,Good Going Forward,GGF,GGF,4,,,,,,14:14:53,14:14:53,6:14:53,22493,,
SL_FW_Dive_26_05-55-19.425.avi,70823,14:34:56,,,423,467,QC,Asia,0,,2015,26,28,,,,,,Good,Good Going Forward,GGF,GGF,4,,,,video speeds up,,14:34:56,14:34:56,6:34:56,23696,,
SL_FW_Dive_26_05-55-19.425.avi,70970,14:35:01,,,608,624,QC,Asia,0,,2015,26,28,,,,,,Good,Good Going Forward,GGF,GGF,4,,,,video back to normal,,14:35:01,14:35:01,6:35:01,23701,,
SL_FW_Dive_26_05-55-19.425.avi,76199,14:37:55,,,553,702,QC,Asia,0,,2015,26,28,,,,,,Good,Good Going Forward,GGF,GGF,4,,,End,,,14:37:55,14:37:55,6:37:55,23875,,
SL_FW_Dive_27_07-27-10.711.avi,762,15:31:21,,,498,660,QC,Asia,0,,2015,27,25,,,,,,Good,Good Going Forward,GGF,GGF,1,,,Start,,,15:31:21,15:31:21,7:31:21,27081,,
SL_FW_Dive_27_07-27-10.711.avi,79959,16:15:21,,,424,549,QC,Asia,0,,2015,27,25,,,,,,Good,Good Going Forward,GGF,GGF,1,,,End,,,16:15:21,16:15:21,8:15:21,29721,,
SL_FW_Dive_28_09-04-12.887.avi,143,17:04:29,,,497,471,QC,Asia,0,,2015,28,26,,,,,,Good,Good Going Forward,GGF,GGF,1,,,Start,,,17:04:29,17:04:29,9:04:29,32669,,
SL_FW_Dive_28_09-04-12.887.avi,52963,17:33:48,,,393,503,QC,Asia,0,,2015,28,26,,,,,,Good,Good Going Forward,GGF,GGF,1,,,End,,,17:33:48,17:33:48,9:33:48,34428,,
SL_FW_Dive_29_10-24-15.111.avi,284,18:25:03,,,339,442,QC,Asia,0,,2015,29,29,,,,,,Good,Good Going Forward,GGF,GGF,1,,,Start,,,18:25:03,18:25:03,10:25:03,37503,,
SL_FW_Dive_29_10-24-15.111.avi,53677,18:54:43,,,641,431,QC,Asia,0,,2015,29,29,,,,,,Bad,lost bottom visual,BLB,BLB,,,,,,,18:54:43,18:54:43,10:54:43,39283,,
SL_FW_Dive_29_10-24-15.111.avi,54472,18:55:10,,,446,359,QC,Asia,0,,2015,29,29,,,,,,Good,Good Going Forward,GGF,GGF,2,,,,,,18:55:10,18:55:10,10:55:10,39310,,
SL_FW_Dive_29_10-24-15.111.avi,54802,18:55:21,,,633,372,QC,Asia,0,,2015,29,29,,,,,,Bad,repositioned,BRP,BRP,,,,,,,18:55:21,18:55:21,10:55:21,39321,,
SL_FW_Dive_29_10-24-15.111.avi,55084,18:55:30,,,502,473,QC,Asia,0,,2015,29,29,,,,,,Bad,lost bottom visual,BLB,BLB,,,,,,,18:55:30,18:55:30,10:55:30,39330,,
SL_FW_Dive_29_10-24-15.111.avi,55956,18:55:59,,,353,384,QC,Asia,0,,2015,29,29,,,,,,Good,Good Going Forward,GGF,GGF,3,,,,,,18:55:59,18:55:59,10:55:59,39359,,
SL_FW_Dive_29_10-24-15.111.avi,66635,19:01:55,,,572,424,QC,Asia,0,,2015,29,29,,,,,,Bad,repositioned,BRP,BRP,,,,,hit rock and went off course,,19:01:55,19:01:55,11:01:55,39715,,
SL_FW_Dive_29_10-24-15.111.avi,66903,19:02:04,,,457,595,QC,Asia,0,,2015,29,29,,,,,,Good,Good Going Forward,GGF,GGF,4,,,,ROV back on course,,19:02:04,19:02:04,11:02:04,39724,,
SL_FW_Dive_29_10-24-15.111.avi,69735,19:03:38,,,422,484,QC,Asia,0,,2015,29,29,,,,,,Bad,lost bottom visual,BLB,BLB,,,,,,,19:03:38,19:03:38,11:03:38,39818,,
SL_FW_Dive_29_10-24-15.111.avi,70105,19:03:51,,,475,516,QC,Asia,0,,2015,29,29,,,,,,Good,Good Going Forward,GGF,GGF,5,,,,,,19:03:51,19:03:51,11:03:51,39831,,
SL_FW_Dive_29_10-24-15.111.avi,71862,19:04:49,,,523,597,QC,Asia,0,,2015,29,29,,,,,,Good,Good Going Forward,GGF,GGF,5,,,End,,,19:04:49,19:04:49,11:04:49,39889,,
SL_FW_Dive_30_11-50-37.728.avi,428,19:51:15,,,582,535,QC,Asia,0,,2015,30,30,,,,,,Good,Good Going Forward,GGF,GGF,1,,,Start,,,19:51:15,19:51:15,11:51:15,42675,,
SL_FW_Dive_30_11-50-37.728.avi,64256,20:26:43,,,510,601,QC,Asia,0,,2015,30,30,,,,,,Good,Good Going Forward,GGF,GGF,1,,,End,,,20:26:43,20:26:43,12:26:43,44803,,
SL_FW_Dive_31_13-15-27.601.avi,767,21:16:07,,,458,503,QC,Asia,0,,2015,31,31,,,,,,Good,Good Going Forward,GGF,GGF,1,,,Start,,,21:16:07,21:16:07,13:16:07,47767,,
SL_FW_Dive_31_13-15-27.601.avi,2093,21:16:51,,,335,372,QC,Asia,0,,2015,31,31,,,,,,Bad,loitering in same area,BLA,BLA,,,,,,,21:16:51,21:16:51,13:16:51,47811,,
SL_FW_Dive_31_13-15-27.601.avi,3154,21:17:26,,,457,407,QC,Asia,0,,2015,31,31,,,,,,Good,Good Going Forward,GGF,GGF,2,,,,,,21:17:26,21:17:26,13:17:26,47846,,
SL_FW_Dive_31_13-15-27.601.avi,37088,21:36:17,,,538,501,QC,Asia,0,,2015,31,31,,,,,,Bad,loitering in same area,BLA,BLA,,,,,,,21:36:17,21:36:17,13:36:17,48977,,
SL_FW_Dive_31_13-15-27.601.avi,37244,21:36:22,,,643,542,QC,Asia,0,,2015,31,31,,,,,,Good,Good Going Forward,GGF,GGF,3,,,,,,21:36:22,21:36:22,13:36:22,48982,,
SL_FW_Dive_31_13-15-27.601.avi,51292,21:44:11,,,547,471,QC,Asia,0,,2015,31,31,,,,,,Bad,loitering in same area,BLA,BLA,,,,,,,21:44:11,21:44:11,13:44:11,49451,,
SL_FW_Dive_31_13-15-27.601.avi,51434,21:44:15,,,476,472,QC,Asia,0,,2015,31,31,,,,,,Good,Good Going Forward,GGF,GGF,4,,,,,,21:44:15,21:44:15,13:44:15,49455,,
SL_FW_Dive_31_13-15-27.601.avi,54591,21:46:01,,,440,319,QC,Asia,0,,2015,31,31,,,,,,Good,Good Going Forward,GGF,GGF,4,,,End,,,21:46:01,21:46:01,13:46:01,49561,,
SL_FW_Dive_32_14-44-40.121.avi,1204,22:45:32,,,490,605,QC,Asia,0,,2015,32,32,,,,,,Good,Good Going Forward,GGF,GGF,1,,,Start,,,22:45:32,22:45:32,14:45:32,53132,,
SL_FW_Dive_32_14-44-40.121.avi,5248,22:47:47,,,313,512,QC,Asia,0,,2015,32,32,,,,,,Bad,repositioned,BRP,BRP,,,,,,22:47:48,22:47:47,22:47:48,14:47:48,53268,,
SL_FW_Dive_32_14-44-40.121.avi,5969,22:48:11,,,329,616,QC,Asia,0,,2015,32,32,,,,,,Good,Good Going Forward,GGF,GGF,2,,,,,22:48:12,22:48:11,22:48:12,14:48:12,53292,,
SL_FW_Dive_32_14-44-40.121.avi,16891,22:54:15,,,454,475,QC,Asia,0,,2015,32,32,,,,,,Bad,lost bottom visual,BLB,BLB,,,,,,,22:54:15,22:54:15,14:54:15,53655,,
SL_FW_Dive_32_14-44-40.121.avi,17239,22:54:27,,,367,322,QC,Asia,0,,2015,32,32,,,,,,Good,Good Going Forward,GGF,GGF,3,,,,,22:54:28,22:54:27,22:54:28,14:54:28,53668,,
SL_FW_Dive_32_14-44-40.121.avi,19240,22:55:33,,,365,322,QC,Asia,0,,2015,32,32,,,,,,Bad,going backwards,BGB,BGB,,,,,,22:55:34,22:55:33,22:55:34,14:55:34,53734,,
SL_FW_Dive_32_14-44-40.121.avi,19360,22:55:37,,,539,581,QC,Asia,0,,2015,32,32,,,,,,Good,Good Going Forward,GGF,GGF,4,,,,,22:55:38,22:55:37,22:55:38,14:55:38,53738,,
SL_FW_Dive_32_14-44-40.121.avi,21744,22:56:57,,,409,413,QC,Asia,0,,2015,32,32,,,,,,Bad,repositioned,BRP,BRP,,,,,turning,22:56:57,22:56:57,22:56:57,14:56:57,53817,,
SL_FW_Dive_32_14-44-40.121.avi,22530,22:57:23,,,482,416,QC,Asia,0,,2015,32,32,,,,,,Good,Good Going Forward,GGF,GGF,5,,,,,,22:57:23,22:57:23,14:57:23,53843,,
SL_FW_Dive_32_14-44-40.121.avi,23524,22:57:56,,,465,417,QC,Asia,0,,2015,32,32,,,,,,Bad,lost bottom visual,BLB,BLB,,,,,,,22:57:56,22:57:56,14:57:56,53876,,
SL_FW_Dive_32_14-44-40.121.avi,24862,22:58:41,,,379,623,QC,Asia,0,,2015,32,32,,,,,,Good,Good Going Forward,GGF,GGF,6,,,,,,22:58:41,22:58:41,14:58:41,53921,,
SL_FW_Dive_32_14-44-40.121.avi,25104,22:58:49,,,410,421,QC,Asia,0,,2015,32,32,,,,,,Bad,lost bottom visual,BLB,BLB,,,,,,22:58:50,22:58:49,22:58:50,14:58:50,53930,,
SL_FW_Dive_32_14-44-40.121.avi,25835,22:59:13,,,420,666,QC,Asia,0,,2015,32,32,,,,,,Good,Good Going Forward,GGF,GGF,7,,,,,,22:59:13,22:59:13,14:59:13,53953,,
SL_FW_Dive_32_14-44-40.121.avi,34393,23:03:58,,,466,599,QC,Asia,0,,2015,32,32,,,,,,Bad,lost bottom visual,BLB,BLB,,,,,,23:03:59,23:03:58,23:03:59,15:03:59,54239,,
SL_FW_Dive_32_14-44-40.121.avi,34615,23:04:06,,,361,389,QC,Asia,0,,2015,32,32,,,,,,Good,Good Going Forward,GGF,GGF,8,,,,,23:04:07,23:04:06,23:04:07,15:04:07,54247,,
SL_FW_Dive_32_14-44-40.121.avi,50257,23:12:47,,,490,530,QC,Asia,0,,2015,32,32,,,,,,Bad,lost bottom visual,BLB,BLB,,,,,,23:12:48,23:12:47,23:12:48,15:12:48,54768,,
SL_FW_Dive_32_14-44-40.121.avi,53052,23:14:20,,,403,474,QC,Asia,0,,2015,32,32,,,,,,Good,Good Going Forward,GGF,GGF,9,,,,,23:14:21,23:14:20,23:14:21,15:14:21,54861,,
SL_FW_Dive_32_14-44-40.121.avi,57459,23:16:47,,,435,529,QC,Asia,0,,2015,32,32,,,,,,Bad,lost bottom visual,BLB,BLB,,,,,,23:16:48,23:16:47,23:16:48,15:16:48,55008,,
SL_FW_Dive_32_14-44-40.121.avi,58777,23:17:31,,,586,480,QC,Asia,0,,2015,32,32,,,,,,Good,Good Going Forward,GGF,GGF,10,,,,,23:17:32,23:17:31,23:17:32,15:17:32,55052,,
SL_FW_Dive_32_14-44-40.121.avi,59928,23:18:10,,,375,466,QC,Asia,0,,2015,32,32,,,,,,Bad,going over drop-off,BDO,BDO,,,,,,23:18:11,23:18:10,23:18:11,15:18:11,55091,,
SL_FW_Dive_32_14-44-40.121.avi,60087,23:18:15,,,493,347,QC,Asia,0,,2015,32,32,,,,,,Good,Good Going Forward,GGF,GGF,11,,,,,23:18:16,23:18:15,23:18:16,15:18:16,55096,,
SL_FW_Dive_32_14-44-40.121.avi,61801,23:19:12,,,393,599,QC,Asia,0,,2015,32,32,,,,,,Bad,going backwards,BGB,BGB,,,,,,,23:19:12,23:19:12,15:19:12,55152,,
SL_FW_Dive_32_14-44-40.121.avi,62083,23:19:21,,,452,332,QC,Asia,0,,2015,32,32,,,,,,Good,Good Going Forward,GGF,GGF,12,,,,,23:19:22,23:19:21,23:19:22,15:19:22,55162,,
SL_FW_Dive_32_14-44-40.121.avi,67047,23:22:07,,,432,541,QC,Asia,0,,2015,32,32,,,,,,Bad,repositioned,BRP,BRP,,,,,hitting rocks,23:22:08,23:22:07,23:22:08,15:22:08,55328,,
SL_FW_Dive_32_14-44-40.121.avi,67254,23:22:14,,,575,533,QC,Asia,0,,2015,32,32,,,,,,Bad,lost bottom visual,BLB,BLB,,,,,,23:22:15,23:22:14,23:22:15,15:22:15,55335,,
SL_FW_Dive_32_14-44-40.121.avi,68130,23:22:43,,,513,633,QC,Asia,0,,2015,32,32,,,,,,Good,Good Going Forward,GGF,GGF,13,,,,,23:22:44,23:22:43,23:22:44,15:22:44,55364,,
SL_FW_Dive_32_14-44-40.121.avi,68778,23:23:05,,,380,376,QC,Asia,0,,2015,32,32,,,,,,Bad,lost bottom visual,BLB,BLB,,,,,,23:23:06,23:23:05,23:23:06,15:23:06,55386,,
SL_FW_Dive_32_14-44-40.121.avi,69676,23:23:34,,,506,572,QC,Asia,0,,2015,32,32,,,,,,Bad,repositioned,BRP,BRP,,,,,hit bottome repositioned ,23:23:35,23:23:34,23:23:35,15:23:35,55415,,
SL_FW_Dive_32_14-44-40.121.avi,70048,23:23:47,,,485,529,QC,Asia,0,,2015,32,32,,,,,,Bad,lost bottom visual,BLB,BLB,,,,,,23:23:48,23:23:47,23:23:48,15:23:48,55428,,
SL_FW_Dive_32_14-44-40.121.avi,70437,23:24:00,,,530,471,QC,Asia,0,,2015,32,32,,,,,,Good,Good Going Forward,GGF,GGF,14,,,,,,23:24:00,23:24:00,15:24:00,55440,,
SL_FW_Dive_32_14-44-40.121.avi,73882,23:25:55,,,536,549,QC,Asia,0,,2015,32,32,,,,,,Bad,repositioned,BRP,BRP,,,,,odd ROV movement,23:25:56,23:25:55,23:25:56,15:25:56,55556,,
SL_FW_Dive_32_14-44-40.121.avi,74374,23:26:11,,,388,481,QC,Asia,0,,2015,32,32,,,,,,Good,Good Going Forward,GGF,GGF,15,,,,,,23:26:11,23:26:11,15:26:11,55571,,
SL_FW_Dive_32_14-44-40.121.avi,87276,23:33:21,,,485,450,QC,Asia,0,,2015,32,32,,,,,,Good,Good Going Forward,GGF,GGF,15,,,End,,,23:33:21,23:33:21,15:33:21,56001,,
SL_FW_Dive_33_16-37-42.838.avi,423,0:38:09,,,403,344,QC,Asia,0,,2015,33,34,,,,,,Good,Good Going Forward,GGF,GGF,1,,,Start,,,0:38:09,0:38:09,16:38:09,59889,,
SL_FW_Dive_33_16-37-42.838.avi,1869,0:38:58,,,532,532,QC,Asia,0,,2015,33,34,,,,,,Good,Good Going Forward,GGF,GGF,1,,,,ROV made slight deviation,,0:38:58,0:38:58,16:38:58,59938,,
SL_FW_Dive_33_16-37-42.838.avi,2010,0:39:02,,,415,463,QC,Asia,0,,2015,33,34,,,,,,Good,Good Going Forward,GGF,GGF,1,,,,done turning,,0:39:02,0:39:02,16:39:02,59942,,
SL_FW_Dive_33_16-37-42.838.avi,9839,0:43:23,,,466,543,QC,Asia,0,,2015,33,34,,,,,,Bad,going backwards,BGB,BGB,,,,,,,0:43:23,0:43:23,16:43:23,60203,,
SL_FW_Dive_33_16-37-42.838.avi,10019,0:43:29,,,459,494,QC,Asia,0,,2015,33,34,,,,,,Good,Good Going Forward,GGF,GGF,2,,,,,,0:43:29,0:43:29,16:43:29,60209,,
SL_FW_Dive_33_16-37-42.838.avi,12051,0:44:37,,,465,611,QC,Asia,0,,2015,33,34,,,,,,Bad,lost bottom visual,BLB,BLB,,,,,,0:44:36,0:44:37,0:44:36,16:44:36,60276,,
SL_FW_Dive_33_16-37-42.838.avi,12793,0:45:02,,,349,663,QC,Asia,0,,2015,33,34,,,,,,Good,Good Going Forward,GGF,GGF,3,,,,,,0:45:02,0:45:02,16:45:02,60302,,
SL_FW_Dive_33_16-37-42.838.avi,69246,1:16:24,,,364,679,QC,Asia,0,,2015,33,34,,,,,,Good,Good Going Forward,GGF,GGF,3,,,End,,,1:16:24,1:16:24,17:16:24,62184,,
SL_FW_Dive_34_18-03-42.119.avi,239,2:04:04,,,334,742,QC,Asia,0,,2015,34,33,,,,,,Good,Good Going Forward,GGF,GGF,1,,,Start,moved start 2 seconds later to match nav file,,2:04:04,2:04:04,18:04:04,65044,,
SL_FW_Dive_34_18-03-42.119.avi,19902,2:14:58,,,561,717,QC,Asia,0,,2015,34,33,,,,,,Bad,repositioned,BRP,BRP,,,,,odd ROV movement,2:14:59,2:14:58,2:14:59,18:14:59,65699,,
SL_FW_Dive_34_18-03-42.119.avi,20221,2:15:08,,,576,645,QC,Asia,0,,2015,34,33,,,,,,Good,Good Going Forward,GGF,GGF,2,,,,,2:15:09,2:15:08,2:15:09,18:15:09,65709,,
SL_FW_Dive_34_18-03-42.119.avi,46270,2:29:37,,,492,640,QC,Asia,0,,2015,34,33,,,,,,Good,Good Going Forward,GGF,GGF,2,,,End,,2:29:38,2:29:37,2:29:38,18:29:38,66578,,
SL_FW_Dive_11b_14-39-31.878.avi,170,22:39:47,,,446,616,QC,Asia,0,,2015,11b,10,,,,,,Good,Good Going Forward,GGF,GGF,1,,,Start,,,22:39:47,22:39:47,14:39:46,52786,,
SL_FW_Dive_11b_14-39-31.878.avi,20616,22:51:08,,,294,468,QC,Asia,0,,2015,11b,10,,,,,,Bad,going backwards,BGB,BGB,,,,,,,22:51:08,22:51:08,14:51:08,53468,,
SL_FW_Dive_11b_14-39-31.878.avi,20892,22:51:17,,,388,428,QC,Asia,0,,2015,11b,10,,,,,,Good,Good Going Forward,GGF,GGF,2,,,,,,22:51:17,22:51:17,14:51:17,53477,,
SL_FW_Dive_11b_14-39-31.878.avi,52822,23:09:02,,,527,524,QC,Asia,0,,2015,11b,10,,,,,,Bad,loitering in same area,BLA,BLA,,,,,,,23:09:02,23:09:02,15:09:02,54542,,
SL_FW_Dive_11b_14-39-31.878.avi,53021,23:09:08,,,411,481,QC,Asia,0,,2015,11b,10,,,,,,Good,Good Going Forward,GGF,GGF,3,,,,,,23:09:08,23:09:08,15:09:08,54548,,
SL_FW_Dive_11b_14-39-31.878.avi,55833,23:10:42,,,277,462,QC,Asia,0,,2015,11b,10,,,,,,Bad,going backwards,BGB,BGB,,,,,,,23:10:42,23:10:42,15:10:42,54642,,
SL_FW_Dive_11b_14-39-31.878.avi,56065,23:10:50,,,218,325,QC,Asia,0,,2015,11b,10,,,,,,Good,Good Going Forward,GGF,GGF,4,,,,,,23:10:50,23:10:50,15:10:50,54650,,
SL_FW_Dive_11b_14-39-31.878.avi,68387,23:17:40,,,524,690,QC,Asia,0,,2015,11b,10,,,,,,Good,Good Going Forward,GGF,GGF,4,,,End,,,23:17:40,23:17:40,15:17:40,55060,,
,,,,,,,,,,,,,,,,,,,,,,,,,,,,,,,,,,
