Filename,Frame,Time (HMS),Time (AKST),Seconds,Period,Period time (HMS),Image row,Image col,OpCode,Tape Reader,Depth,Comment,Year,Dive No,Transect No,User Def. 4,User Def. 5,User Def. 6,User Def. 7,User Def. 8,Family,Genus,Species,Code,Number,Stage,Activity,Start/End,Comments,Event Time HH:MM:SS
SL_2016CSEO_Dive_46_18-53-30.000.avi,106,2:55:17,18:55:17,68117,,,565,825,QC,Asia,0,,2016,46,1,,,,,,Good,Good Going Forward,GGF,GGF,1,AD,Passing,Start,,
SL_2016CSEO_Dive_46_18-53-30.000.avi,67349,3:32:38,19:32:38,70358,,,564,716,QC,Asia,0,,2016,46,1,,,,,,Bad,loitering in same area,BLA,BLA,,AD,Passing,,ROV being tugged,
SL_2016CSEO_Dive_46_18-53-30.000.avi,68106,3:33:03,19:33:03,70383,,,497,746,QC,Asia,0,,2016,46,1,,,,,,Good,Good Going Forward,GGF,GGF,2,AD,Passing,,,
SL_2016CSEO_Dive_46_18-53-30.000.avi,72459,3:35:28,19:35:28,70528,,,551,799,QC,Asia,0,,2016,46,1,,,,,,Good,Good Going Forward,GGF,GGF,2,AD,Passing,End,,
SL_2016CSEO_Dive_47_20-15-27.000.avi,253,4:17:20,20:17:20,73040,,,426,879,QC,Asia,0,,2016,47,1,,,,,,Good,Good Going Forward,GGF,GGF,1,AD,Passing,Start,,
SL_2016CSEO_Dive_47_20-15-27.000.avi,3594,4:19:12,20:19:12,73152,,,560,802,QC,Asia,0,,2016,47,1,,,,,,Bad,loitering in same area,BLA,BLA,,AD,Passing,,ROV getting tugged,
SL_2016CSEO_Dive_47_20-15-27.000.avi,4400,4:19:39,20:19:39,73179,,,614,854,QC,Asia,0,,2016,47,1,,,,,,Bad,repositioned,BRP,BRP,,AD,Passing,,headshake,
SL_2016CSEO_Dive_47_20-15-27.000.avi,5700,4:20:22,20:20:22,73222,,,577,776,QC,Asia,0,,2016,47,1,,,,,,Good,Good Going Forward,GGF,GGF,2,AD,Passing,,headshake,
SL_2016CSEO_Dive_47_20-15-27.000.avi,14849,4:25:27,20:25:27,73527,,,587,828,QC,Asia,0,,2016,47,1,,,,,,Bad,loitering in same area,BLA,BLA,,AD,Passing,,,
SL_2016CSEO_Dive_47_20-15-27.000.avi,15544,4:25:50,20:25:50,73550,,,670,779,QC,Asia,0,,2016,47,1,,,,,,Bad,repositioned,BRP,BRP,,AD,Passing,,headshake; ROV getting tugged,
SL_2016CSEO_Dive_47_20-15-27.000.avi,16279,4:26:15,20:26:15,73575,,,474,805,QC,Asia,0,,2016,47,1,,,,,,Good,Good Going Forward,GGF,GGF,3,AD,Passing,,headshake,
SL_2016CSEO_Dive_47_20-15-27.000.avi,27364,4:32:24,20:32:24,73944,,,603,865,QC,Asia,0,,2016,47,1,,,,,,Bad,loitering in same area,BLA,BLA,,AD,Passing,,ROV getting tugged,
SL_2016CSEO_Dive_47_20-15-27.000.avi,28007,4:32:46,20:32:46,73966,,,543,786,QC,Asia,0,,2016,47,1,,,,,,Bad,repositioned,BRP,BRP,,AD,Passing,,headshake,
SL_2016CSEO_Dive_47_20-15-27.000.avi,29039,4:33:20,20:33:20,74000,,,544,753,QC,Asia,0,,2016,47,1,,,,,,Good,Good Going Forward,GGF,GGF,4,AD,Passing,,headshake,
SL_2016CSEO_Dive_47_20-15-27.000.avi,36143,4:37:17,20:37:17,74237,,,551,799,QC,Asia,0,,2016,47,1,,,,,,Bad,loitering in same area,BLA,BLA,,AD,Passing,,ROV getting tugged,
SL_2016CSEO_Dive_47_20-15-27.000.avi,36520,4:37:29,20:37:29,74249,,,551,799,QC,Asia,0,,2016,47,1,,,,,,Bad,repositioned,BRP,BRP,,AD,Passing,,headshake,
SL_2016CSEO_Dive_47_20-15-27.000.avi,37098,4:37:49,20:37:49,74269,,,551,799,QC,Asia,0,,2016,47,1,,,,,,Good,Good Going Forward,GGF,GGF,5,AD,Passing,,headshake,
SL_2016CSEO_Dive_47_20-15-27.000.avi,54633,4:47:33,20:47:33,74853,,,665,764,QC,Asia,0,,2016,47,1,,,,,,Bad,loitering in same area,BLA,BLA,,AD,Passing,,ROV getting tugged,
SL_2016CSEO_Dive_47_20-15-27.000.avi,55531,4:48:03,20:48:03,74883,,,551,799,QC,Asia,0,,2016,47,1,,,,,,Bad,repositioned,BRP,BRP,,AD,Passing,,headshake,
SL_2016CSEO_Dive_47_20-15-27.000.avi,56347,4:48:30,20:48:30,74910,,,551,799,QC,Asia,0,,2016,47,1,,,,,,Good,Good Going Forward,GGF,GGF,6,AD,Passing,,headshake,
SL_2016CSEO_Dive_47_20-15-27.000.avi,67035,4:54:27,20:54:26,75266,,,551,799,QC,Asia,0,,2016,47,1,,,,,,Bad,loitering in same area,BLA,BLA,,AD,Passing,,possible hang up on longline,
SL_2016CSEO_Dive_47_20-15-27.000.avi,68445,4:55:14,20:55:13,75313,,,582,780,QC,Asia,0,,2016,47,1,,,,,,Good,Good Going Forward,GGF,GGF,7,AD,Passing,,,
SL_2016CSEO_Dive_47_20-15-27.000.avi,71356,4:56:51,20:56:50,75410,,,551,799,QC,Asia,0,,2016,47,1,,,,,,Good,Good Going Forward,GGF,GGF,7,AD,Passing,End,,
SL_2016CSEO_Dive_48_08-21-25.000.avi,268,16:21:36,8:21:36,30096,,,654,906,QC,Asia,0,,2016,48,1,,,,,,Good,Good Going Forward,GGF,GGF,1,AD,Passing,Start,,
SL_2016CSEO_Dive_48_08-21-25.000.avi,39924,16:43:38,8:43:38,31418,,,527,759,QC,Asia,0,,2016,48,1,,,,,,Bad,loitering in same area,BLA,BLA,,AD,Passing,,hit rock,
SL_2016CSEO_Dive_48_08-21-25.000.avi,40223,16:43:48,8:43:48,31428,,,336,846,QC,Asia,0,,2016,48,1,,,,,,Good,bad camera focus,GGF,GGF,2,AD,Passing,,BLB in SL but not in belly,
SL_2016CSEO_Dive_48_08-21-25.000.avi,40437,16:43:55,8:43:55,31435,,,551,799,QC,Asia,0,,2016,48,1,,,,,,Good,Good Going Forward,GGF,GGF,2,AD,Passing,,SL good,
SL_2016CSEO_Dive_48_08-21-25.000.avi,51097,16:49:50,8:49:50,31790,,,553,769,QC,Asia,0,,2016,48,1,,,,,,Good,Good Going Forward,GGF,GGF,2,AD,Passing,,BLB in SL but not in belly,
SL_2016CSEO_Dive_48_08-21-25.000.avi,51537,16:50:05,8:50:05,31805,,,551,799,QC,Asia,0,,2016,48,1,,,,,,Good,Good Going Forward,GGF,GGF,2,AD,Passing,,SL good,
SL_2016CSEO_Dive_48_08-21-25.000.avi,76885,17:04:10,9:04:10,32650,,,513,791,QC,Asia,0,,2016,48,1,,,,,,Good,Good Going Forward,GGF,GGF,2,AD,Passing,,BLB in SL but not in belly,
SL_2016CSEO_Dive_48_08-21-25.000.avi,77373,17:04:26,9:04:26,32666,,,483,790,QC,Asia,0,,2016,48,1,,,,,,Good,Good Going Forward,GGF,GGF,2,AD,Passing,,SL good,
SL_2016CSEO_Dive_48_08-21-25.000.avi,80243,17:06:02,9:06:02,32762,,,549,796,QC,Asia,0,,2016,48,1,,,,,,Good,Good Going Forward,GGF,GGF,2,AD,Passing,End,,
SL_2016CSEO_Dive_49_08-18-37.000.avi,120,16:19:01,8:19:01,29941,,,558,806,QC,Asia,0,,2016,49,1,,,,,,Good,Good Going Forward,GGF,GGF,1,AD,Passing,Start,,
SL_2016CSEO_Dive_49_08-18-37.000.avi,14908,16:27:14,8:27:14,30434,,,551,799,QC,Asia,0,,2016,49,1,,,,,,Bad,loitering in same area,BLA,BLA,,AD,Passing,,ROV being tugged,
SL_2016CSEO_Dive_49_08-18-37.000.avi,15571,16:27:36,8:27:36,30456,,,534,855,QC,Asia,0,,2016,49,1,,,,,,Bad,repositioned,BRP,BRP,,AD,Passing,,headshake,
SL_2016CSEO_Dive_49_08-18-37.000.avi,16804,16:28:17,8:28:17,30497,,,676,802,QC,Asia,0,,2016,49,1,,,,,,Good,Good Going Forward,GGF,GGF,2,AD,Passing,,headshake,
SL_2016CSEO_Dive_49_08-18-37.000.avi,52161,16:47:56,8:47:56,31676,,,551,799,QC,Asia,0,,2016,49,1,,,,,,Bad,loitering in same area,BLA,BLA,,AD,Passing,,ROV being tugged,
SL_2016CSEO_Dive_49_08-18-37.000.avi,53142,16:48:28,8:48:28,31708,,,644,833,QC,Asia,0,,2016,49,1,,,,,,Good,Good Going Forward,GGF,GGF,3,AD,Passing,,,
SL_2016CSEO_Dive_49_08-18-37.000.avi,58313,16:51:21,8:51:21,31881,,,551,799,QC,Asia,0,,2016,49,1,,,,,,Good,Good Going Forward,GGF,GGF,3,AD,Passing,End,,
SL_2016CSEO_Dive_50_09-50-23.000.avi,143,17:50:43,9:50:43,35443,,,493,908,QC,Asia,0,,2016,50,1,,,,,,Good,Good Going Forward,GGF,GGF,1,AD,Passing,Start,,
SL_2016CSEO_Dive_50_09-50-23.000.avi,48523,18:17:35,10:17:35,37055,,,651,876,QC,Asia,0,,2016,50,1,,,,,,Bad,loitering in same area,BLA,BLA,,AD,Passing,,ROV being tugged,
SL_2016CSEO_Dive_50_09-50-23.000.avi,48815,18:17:45,10:17:45,37065,,,603,976,QC,Asia,0,,2016,50,1,,,,,,Good,Good Going Forward,GGF,GGF,2,AD,Passing,,,
SL_2016CSEO_Dive_50_09-50-23.000.avi,60059,18:24:00,10:24:00,37440,,,589,746,QC,Asia,0,,2016,50,1,,,,,,Good,Good Going Forward,GGF,GGF,2,AD,Passing,End,,
SL_2016CSEO_Dive_51_11-39-49.000.avi,202,19:40:08,11:40:08,42008,,,551,799,QC,Asia,0,,2016,51,1,,,,,,Good,Good Going Forward,GGF,GGF,1,AD,Passing,Start,,
SL_2016CSEO_Dive_51_11-39-49.000.avi,9955,19:45:33,11:45:33,42333,,,457,737,QC,Asia,0,,2016,51,1,,,,,,Bad,going backwards,BGB,BGB,,AD,Passing,,go back to look at pipe?,
SL_2016CSEO_Dive_51_11-39-49.000.avi,10417,19:45:48,11:45:48,42348,,,542,661,QC,Asia,0,,2016,51,1,,,,,,Good,Good Going Forward,GGF,GGF,2,AD,Passing,,,
SL_2016CSEO_Dive_51_11-39-49.000.avi,61513,20:14:11,12:14:11,44051,,,552,742,QC,Asia,0,,2016,51,1,,,,,,Good,Good Going Forward,GGF,GGF,2,AD,Passing,End,,
SL_2016CSEO_Dive_52_13-48-20.000.avi,410,21:48:48,13:48:48,49728,,,531,840,QC,Asia,0,,2016,52,1,,,,,,Good,Good Going Forward,GGF,GGF,1,AD,Passing,Start,,
SL_2016CSEO_Dive_52_13-48-20.000.avi,21043,22:00:15,14:00:15,50415,,,550,799,QC,Asia,0,,2016,52,1,,,,,,Bad,loitering in same area,BLA,BLA,,AD,Passing,,ROV being tugged,
SL_2016CSEO_Dive_52_13-48-20.000.avi,21850,22:00:42,14:00:42,50442,,,541,936,QC,Asia,0,,2016,52,1,,,,,,Good,Good Going Forward,GGF,GGF,2,AD,Passing,,,
SL_2016CSEO_Dive_52_13-48-20.000.avi,37155,22:09:13,14:09:12,50952,,,571,838,QC,Asia,0,,2016,52,1,,,,,,Bad,loitering in same area,BLA,BLA,,AD,Passing,,ROV being tugged,
SL_2016CSEO_Dive_52_13-48-20.000.avi,37528,22:09:25,14:09:25,50965,,,551,799,QC,Asia,0,,2016,52,1,,,,,,Good,Good Going Forward,GGF,GGF,3,AD,Passing,,,
SL_2016CSEO_Dive_52_13-48-20.000.avi,44869,22:13:30,14:13:30,51210,,,510,805,QC,Asia,0,,2016,52,1,,,,,,Bad,loitering in same area,BLA,BLA,,AD,Passing,,ROV being tugged,
SL_2016CSEO_Dive_52_13-48-20.000.avi,45719,22:13:58,14:13:58,51238,,,551,798,QC,Asia,0,,2016,52,1,,,,,,Good,Good Going Forward,GGF,GGF,4,AD,Passing,,,
SL_2016CSEO_Dive_52_13-48-20.000.avi,56783,22:20:07,14:20:07,51607,,,551,799,QC,Asia,0,,2016,52,1,,,,,,Bad,loitering in same area,BLA,BLA,,AD,Passing,,ROV being tugged,
SL_2016CSEO_Dive_52_13-48-20.000.avi,59685,22:21:43,14:21:43,51703,,,553,796,QC,Asia,0,,2016,52,1,,,,,,Good,Good Going Forward,GGF,GGF,5,AD,Passing,,,
SL_2016CSEO_Dive_52_13-48-20.000.avi,65410,22:24:54,14:24:54,51894,,,551,799,QC,Asia,0,,2016,52,1,,,,,,Good,Good Going Forward,GGF,GGF,5,AD,Passing,End,,
SL_2016CSEO_Dive_53_15-00-10.000.avi,612,23:00:55,15:00:55,54055,,,686,791,QC,Asia,0,,2016,53,1,,,,,,Good,Good Going Forward,GGF,GGF,1,AD,Passing,Start,,
SL_2016CSEO_Dive_53_15-00-10.000.avi,23819,23:13:49,15:13:49,54829,,,529,984,QC,Asia,0,,2016,53,1,,,,,,Bad,loitering in same area,BLA,BLA,,AD,Passing,,ROV getting tugged,
SL_2016CSEO_Dive_53_15-00-10.000.avi,24249,23:14:03,15:14:03,54843,,,231,586,QC,Asia,0,,2016,53,1,,,,,,Good,Good Going Forward,GGF,GGF,2,AD,Passing,,,
SL_2016CSEO_Dive_53_15-00-10.000.avi,34941,23:20:00,15:20:00,55200,,,535,783,QC,Asia,0,,2016,53,1,,,,,,Bad,loitering in same area,BLA,BLA,,AD,Passing,,ROV being tugged,
SL_2016CSEO_Dive_53_15-00-10.000.avi,39246,23:22:23,15:22:23,55343,,,647,1112,QC,Asia,0,,2016,53,1,,,,,,Good,Good Going Forward,GGF,GGF,3,AD,Passing,,,
SL_2016CSEO_Dive_53_15-00-10.000.avi,39619,23:22:36,15:22:36,55356,,,582,729,QC,Asia,0,,2016,53,1,,,,,,Bad,loitering in same area,BLA,BLA,,AD,Passing,,ROV being tugged,
SL_2016CSEO_Dive_53_15-00-10.000.avi,40174,23:22:54,15:22:54,55374,,,552,796,QC,Asia,0,,2016,53,1,,,,,,Good,Good Going Forward,GGF,GGF,4,AD,Passing,,,
SL_2016CSEO_Dive_53_15-00-10.000.avi,65360,23:36:54,15:36:54,56214,,,550,799,QC,Asia,0,,2016,53,1,,,,,,Good,Good Going Forward,GGF,GGF,4,AD,Passing,End,,
SL_2016CSEO_Dive_54_16-19-24.000.avi,609,0:19:59,16:19:59,58799,,,531,719,QC,Asia,0,,2016,54,1,,,,,,Good,Good Going Forward,GGF,GGF,1,AD,Passing,Start,,
SL_2016CSEO_Dive_54_16-19-24.000.avi,32839,0:37:54,16:37:54,59874,,,791,855,QC,Asia,0,,2016,54,1,,,,,,Bad,loitering in same area,BLA,BLA,,AD,Passing,,,
SL_2016CSEO_Dive_54_16-19-24.000.avi,33098,0:38:02,16:38:02,59882,,,434,816,QC,Asia,0,,2016,54,1,,,,,,Good,Good Going Forward,GGF,GGF,2,AD,Passing,,,
SL_2016CSEO_Dive_54_16-19-24.000.avi,61364,0:53:44,16:53:44,60824,,,541,775,QC,Asia,0,,2016,54,1,,,,,,Good,Good Going Forward,GGF,GGF,2,AD,Passing,End,,
SL_2016CSEO_Dive_55_17-29-22.000.avi,492,1:29:52,17:29:52,62992,,,551,799,QC,Asia,0,,2016,55,1,,,,,,Good,Good Going Forward,GGF,GGF,1,AD,Passing,Start,,
SL_2016CSEO_Dive_55_17-29-22.000.avi,30112,1:46:20,17:46:20,63980,,,531,761,QC,Asia,0,,2016,55,1,,,,,,Bad,loitering in same area,BLA,BLA,,AD,Passing,,,
SL_2016CSEO_Dive_55_17-29-22.000.avi,30389,1:46:29,17:46:29,63989,,,568,803,QC,Asia,0,,2016,55,1,,,,,,Good,Good Going Forward,GGF,GGF,2,AD,Passing,,,
SL_2016CSEO_Dive_55_17-29-22.000.avi,32274,1:47:32,17:47:32,64052,,,541,795,QC,Asia,0,,2016,55,1,,,,,,Bad,loitering in same area,BLA,BLA,,AD,Passing,,,
SL_2016CSEO_Dive_55_17-29-22.000.avi,32464,1:47:38,17:47:38,64058,,,543,792,QC,Asia,0,,2016,55,1,,,,,,Good,Good Going Forward,GGF,GGF,3,AD,Passing,,,
SL_2016CSEO_Dive_55_17-29-22.000.avi,62956,2:04:35,18:04:34,65074,,,551,799,QC,Asia,0,,2016,55,1,,,,,,Good,Good Going Forward,GGF,GGF,3,AD,Passing,End,,
SL_2016CSEO_Dive_56_08-57-22.000.avi,682,16:58:02,8:58:02,32282,,,551,799,QC,Asia,0,,2016,56,1,,,,,,Good,Good Going Forward,GGF,GGF,1,AD,Passing,Start,,
SL_2016CSEO_Dive_56_08-57-22.000.avi,58739,17:30:17,9:30:17,34217,,,551,799,QC,Asia,0,,2016,56,1,,,,,,Good,Good Going Forward,GGF,GGF,1,AD,Passing,End,,
SL_2016CSEO_Dive_57_10-30-24.000.avi,180,18:30:45,10:30:45,37845,,,592,768,QC,Asia,0,,2016,57,1,,,,,,Good,Good Going Forward,GGF,GGF,1,AD,Passing,Start,,
SL_2016CSEO_Dive_57_10-30-24.000.avi,54615,19:00:59,11:00:59,39659,,,701,712,QC,Asia,0,,2016,57,1,,,,,,Good,Good Going Forward,GGF,GGF,1,AD,Passing,End,,
SL_2016CSEO_Dive_59_13-22-24.000.avi,245,21:22:45,13:22:45,48165,,,551,799,QC,Asia,0,,2016,59,1,,,,,,Good,Good Going Forward,GGF,GGF,1,AD,Passing,Start,,
SL_2016CSEO_Dive_59_13-22-24.000.avi,60501,21:56:14,13:56:14,50174,,,597,829,QC,Asia,0,,2016,59,1,,,,,,Good,Good Going Forward,GGF,GGF,1,AD,Passing,End,,
SL_2016CSEO_Dive_60_14-35-41.000.avi,158,22:35:58,14:35:58,52558,,,551,799,QC,Asia,0,,2016,60,1,,,,,,Good,Good Going Forward,GGF,GGF,1,AD,Passing,Start,,
SL_2016CSEO_Dive_60_14-35-41.000.avi,48429,23:02:47,15:02:47,54167,,,551,799,QC,Asia,0,,2016,60,1,,,,,,Bad,loitering in same area,BLA,BLA,,AD,Passing,,,
SL_2016CSEO_Dive_60_14-35-41.000.avi,48691,23:02:56,15:02:56,54176,,,551,799,QC,Asia,0,,2016,60,1,,,,,,Good,Good Going Forward,GGF,GGF,2,AD,Passing,,,
SL_2016CSEO_Dive_60_14-35-41.000.avi,60034,23:09:14,15:09:14,54554,,,445,855,QC,Asia,0,,2016,60,1,,,,,,Bad,loitering in same area,BLA,BLA,,AD,Passing,,being tugged,
SL_2016CSEO_Dive_60_14-35-41.000.avi,61053,23:09:48,15:09:48,54588,,,538,735,QC,Asia,0,,2016,60,1,,,,,,Good,Good Going Forward,GGF,GGF,3,AD,Passing,,,
SL_2016CSEO_Dive_60_14-35-41.000.avi,66404,23:12:46,15:12:46,54766,,,469,903,QC,Asia,0,,2016,60,1,,,,,,Good,Good Going Forward,GGF,GGF,3,AD,Passing,End,,
SL_2016CSEO_Dive_61_15-59-21.000.avi,187,23:59:39,15:59:39,57579,,,541,792,QC,Asia,0,,2016,61,1,,,,,,Good,Good Going Forward,GGF,GGF,1,AD,Passing,Start,,
SL_2016CSEO_Dive_61_15-59-21.000.avi,27097,0:14:36,16:14:36,58476,,,595,842,QC,Asia,0,,2016,61,1,,,,,,Bad,loitering in same area,BLA,BLA,,AD,Passing,,,
SL_2016CSEO_Dive_61_15-59-21.000.avi,27480,0:14:49,16:14:49,58489,,,551,799,QC,Asia,0,,2016,61,1,,,,,,Good,Good Going Forward,GGF,GGF,2,AD,Passing,,,
SL_2016CSEO_Dive_61_15-59-21.000.avi,61662,0:33:48,16:33:48,59628,,,529,812,QC,Asia,0,,2016,61,1,,,,,,Good,Good Going Forward,GGF,GGF,2,AD,Passing,End,,
SL_2016CSEO_Dive_62_09-22-44.000.avi,254,17:23:04,9:23:04,33784,,,629,935,QC,Asia,0,,2016,62,1,,,,,,Good,Good Going Forward,GGF,GGF,1,AD,Passing,Start,,
SL_2016CSEO_Dive_62_09-22-44.000.avi,54516,17:53:13,9:53:13,35593,,,556,795,QC,Asia,0,,2016,62,1,,,,,,Good,Good Going Forward,GGF,GGF,1,AD,Passing,End,,
SL_2016CSEO_Dive_63_10-50-19.000.avi,111,18:50:38,10:50:38,39038,,,551,799,QC,Asia,0,,2016,63,1,,,,,,Good,Good Going Forward,GGF,GGF,1,AD,Passing,Start,,
SL_2016CSEO_Dive_63_10-50-19.000.avi,52655,19:19:49,11:19:49,40789,,,551,799,QC,Asia,0,,2016,63,1,,,,,,Good,Good Going Forward,GGF,GGF,1,AD,Passing,End,,
SL_2016CSEO_Dive_64_12-45-44.000.avi,176,20:46:05,12:46:05,45965,,,558,727,QC,Asia,0,,2016,64,1,,,,,,Good,Good Going Forward,GGF,GGF,1,AD,Passing,Start,,
SL_2016CSEO_Dive_64_12-45-44.000.avi,10343,20:51:44,12:51:44,46304,,,424,354,QC,Asia,0,,2016,64,1,,,,,,Good,Good Going Forward,GGF,GGF,1,AD,Passing,,BLB in SL but not in belly,
SL_2016CSEO_Dive_64_12-45-44.000.avi,10697,20:51:56,12:51:56,46316,,,551,799,QC,Asia,0,,2016,64,1,,,,,,Bad,lost bottom visual,BLB,BLB,,AD,Passing,,BLB in SL, BLA in belly
SL_2016CSEO_Dive_64_12-45-44.000.avi,11165,20:52:11,12:52:11,46331,,,730,842,QC,Asia,0,,2016,64,1,,,,,,Good,Good Going Forward,GGF,GGF,2,AD,Passing,,,
SL_2016CSEO_Dive_64_12-45-44.000.avi,23949,20:59:17,12:59:17,46757,,,574,689,QC,Asia,0,,2016,64,1,,,,,,Good,Good Going Forward,GGF,GGF,2,AD,Passing,,BLB in SL but not in belly,
SL_2016CSEO_Dive_64_12-45-44.000.avi,24710,20:59:43,12:59:43,46783,,,595,809,QC,Asia,0,,2016,64,1,,,,,,Good,Good Going Forward,GGF,GGF,2,AD,Passing,,SL good,
SL_2016CSEO_Dive_64_12-45-44.000.avi,49935,21:13:44,13:13:43,47623,,,551,799,QC,Asia,0,,2016,64,1,,,,,,Good,Good Going Forward,GGF,GGF,2,AD,Passing,End,,
SL_2016CSEO_Dive_65_08-21-21.000.avi,211,16:21:41,8:21:41,30101,,,551,799,QC,Asia,0,,2016,65,1,,,,,,Good,Good Going Forward,GGF,GGF,1,AD,Passing,Start,,
SL_2016CSEO_Dive_65_08-21-21.000.avi,56318,16:52:51,8:52:51,31971,,,564,760,QC,Asia,0,,2016,65,1,,,,,,Good,Good Going Forward,GGF,GGF,1,AD,Passing,End,,
SL_2016CSEO_Dive_66_09-24-37.000.avi,1295,17:25:31,9:25:31,33931,,,551,799,QC,Asia,0,,2016,66,1,,,,,,Good,Good Going Forward,GGF,GGF,1,AD,Passing,Start,,
SL_2016CSEO_Dive_66_09-24-37.000.avi,7326,17:28:52,9:28:52,34132,,,546,790,QC,Asia,0,,2016,66,1,,,,,,Bad,loitering in same area,BLA,BLA,,AD,Passing,,ROV being tugged,
SL_2016CSEO_Dive_66_09-24-37.000.avi,8284,17:29:24,9:29:24,34164,,,551,798,QC,Asia,0,,2016,66,1,,,,,,Good,Good Going Forward,GGF,GGF,2,AD,Passing,,,
SL_2016CSEO_Dive_66_09-24-37.000.avi,9299,17:29:58,9:29:58,34198,,,621,887,QC,Asia,0,,2016,66,1,,,,,,Bad,loitering in same area,BLA,BLA,,AD,Passing,,ROV being tugged,
SL_2016CSEO_Dive_66_09-24-37.000.avi,10210,17:30:28,9:30:28,34228,,,539,893,QC,Asia,0,,2016,66,1,,,,,,Good,Good Going Forward,GGF,GGF,3,AD,Passing,,,
SL_2016CSEO_Dive_66_09-24-37.000.avi,31987,17:42:34,9:42:34,34954,,,551,799,QC,Asia,0,,2016,66,1,,,,,,Bad,loitering in same area,BLA,BLA,,AD,Passing,,,
SL_2016CSEO_Dive_66_09-24-37.000.avi,32713,17:42:58,9:42:58,34978,,,621,772,QC,Asia,0,,2016,66,1,,,,,,Bad,repositioned,BRP,BRP,,AD,Passing,,headshake,
SL_2016CSEO_Dive_66_09-24-37.000.avi,34590,17:44:01,9:44:01,35041,,,538,753,QC,Asia,0,,2016,66,1,,,,,,Good,Good Going Forward,GGF,GGF,4,AD,Passing,,headshake,
SL_2016CSEO_Dive_66_09-24-37.000.avi,60751,17:58:33,9:58:33,35913,,,551,799,QC,Asia,0,,2016,66,1,,,,,,Good,Good Going Forward,GGF,GGF,4,AD,Passing,End,,
SL_2016CSEO_Dive_67_11-00-21.000.avi,654,19:01:31,11:01:31,39691,,,556,795,QC,Asia,0,,2016,67,1,,,,,,Good,Good Going Forward,GGF,GGF,1,AD,Passing,Start,,
SL_2016CSEO_Dive_67_11-00-21.000.avi,15746,19:09:54,11:09:54,40194,,,549,798,QC,Asia,0,,2016,67,1,,,,,,Bad,loitering in same area,BLA,BLA,,AD,Passing,,,
SL_2016CSEO_Dive_67_11-00-21.000.avi,16697,19:10:26,11:10:26,40226,,,551,799,QC,Asia,0,,2016,67,1,,,,,,Good,Good Going Forward,GGF,GGF,2,AD,Passing,,,
SL_2016CSEO_Dive_67_11-00-21.000.avi,34505,19:20:19,11:20:19,40819,,,530,631,QC,Asia,0,,2016,67,1,,,,,,Bad,loitering in same area,BLA,BLA,,AD,Passing,,dive log says pause,
SL_2016CSEO_Dive_67_11-00-21.000.avi,36539,19:21:27,11:21:27,40887,,,551,799,QC,Asia,0,,2016,67,1,,,,,,Good,Good Going Forward,GGF,GGF,3,AD,Passing,,headshake,
SL_2016CSEO_Dive_67_11-00-21.000.avi,65575,19:37:35,11:37:35,41855,,,551,799,QC,Asia,0,,2016,67,1,,,,,,Good,Good Going Forward,GGF,GGF,3,AD,Passing,End,,
SL_2016CSEO_Dive_68_12-54-39.000.avi,1322,20:55:36,12:55:36,46536,,,535,737,QC,Asia,0,,2016,68,1,,,,,,Good,Good Going Forward,GGF,GGF,1,AD,Passing,Start,,
SL_2016CSEO_Dive_68_12-54-39.000.avi,4358,20:57:17,12:57:17,46637,,,621,803,QC,Asia,0,,2016,68,1,,,,,,Good,resting on bottom with close-up image,GRBC,GRBC,1,AD,Passing,,,
SL_2016CSEO_Dive_68_12-54-39.000.avi,4531,20:57:23,12:57:23,46643,,,717,933,QC,Asia,0,,2016,68,1,,,,,,Good,Good Going Forward,GGF,GGF,1,AD,Passing,,,
SL_2016CSEO_Dive_68_12-54-39.000.avi,5966,20:58:11,12:58:11,46691,,,552,833,QC,Asia,0,,2016,68,1,,,,,,Bad,loitering in same area,BLA,BLA,,AD,Passing,,ROV being tugged,
SL_2016CSEO_Dive_68_12-54-39.000.avi,7968,20:59:18,12:59:18,46758,,,596,838,QC,Asia,0,,2016,68,1,,,,,,Good,Good Going Forward,GGF,GGF,2,AD,Passing,,headshake,
SL_2016CSEO_Dive_68_12-54-39.000.avi,8270,20:59:28,12:59:28,46768,,,551,799,QC,Asia,0,,2016,68,1,,,,,,Good,resting on bottom with close-up image,GRBC,GRBC,2,AD,Passing,,iron or wood on bottom,
SL_2016CSEO_Dive_68_12-54-39.000.avi,8795,20:59:45,12:59:45,46785,,,539,902,QC,Asia,0,,2016,68,1,,,,,,Good,Good Going Forward,GGF,GGF,2,AD,Passing,,,
SL_2016CSEO_Dive_68_12-54-39.000.avi,11978,21:01:31,13:01:31,46891,,,591,876,QC,Asia,0,,2016,68,1,,,,,,Bad,loitering in same area,BLA,BLA,,AD,Passing,,ROV being tugged,
SL_2016CSEO_Dive_68_12-54-39.000.avi,13959,21:02:37,13:02:37,46957,,,554,825,QC,Asia,0,,2016,68,1,,,,,,Good,Good Going Forward,GGF,GGF,3,AD,Passing,,,
SL_2016CSEO_Dive_68_12-54-39.000.avi,15250,21:03:20,13:03:20,47000,,,619,828,QC,Asia,0,,2016,68,1,,,,,,Bad,loitering in same area,BLA,BLA,,AD,Passing,,ROV being tugged,
SL_2016CSEO_Dive_68_12-54-39.000.avi,15935,21:03:43,13:03:43,47023,,,684,862,QC,Asia,0,,2016,68,1,,,,,,Good,Good Going Forward,GGF,GGF,4,AD,Passing,,,
SL_2016CSEO_Dive_68_12-54-39.000.avi,21086,21:06:35,13:06:35,47195,,,551,799,QC,Asia,0,,2016,68,1,,,,,,Bad,loitering in same area,BLA,BLA,,AD,Passing,,,
SL_2016CSEO_Dive_68_12-54-39.000.avi,21305,21:06:42,13:06:42,47202,,,522,802,QC,Asia,0,,2016,68,1,,,,,,Good,Good Going Forward,GGF,GGF,5,AD,Passing,,,
SL_2016CSEO_Dive_68_12-54-39.000.avi,21711,21:06:56,13:06:56,47216,,,551,799,QC,Asia,0,,2016,68,1,,,,,,Bad,loitering in same area,BLA,BLA,,AD,Passing,,,
SL_2016CSEO_Dive_68_12-54-39.000.avi,22118,21:07:09,13:07:09,47229,,,631,786,QC,Asia,0,,2016,68,1,,,,,,Good,Good Going Forward,GGF,GGF,6,AD,Passing,,,
SL_2016CSEO_Dive_68_12-54-39.000.avi,25633,21:09:06,13:09:06,47346,,,532,766,QC,Asia,0,,2016,68,1,,,,,,Bad,loitering in same area,BLA,BLA,,AD,Passing,,ROV being tugged,
SL_2016CSEO_Dive_68_12-54-39.000.avi,25888,21:09:15,13:09:15,47355,,,549,797,QC,Asia,0,,2016,68,1,,,,,,Good,Good Going Forward,GGF,GGF,7,AD,Passing,,,
SL_2016CSEO_Dive_68_12-54-39.000.avi,27119,21:09:56,13:09:56,47396,,,551,799,QC,Asia,0,,2016,68,1,,,,,,Bad,loitering in same area,BLA,BLA,,AD,Passing,,ROV being tugged,
SL_2016CSEO_Dive_68_12-54-39.000.avi,28952,21:10:57,13:10:57,47457,,,647,929,QC,Asia,0,,2016,68,1,,,,,,Good,Good Going Forward,GGF,GGF,8,AD,Passing,,,
SL_2016CSEO_Dive_68_12-54-39.000.avi,29424,21:11:13,13:11:13,47473,,,553,896,QC,Asia,0,,2016,68,1,,,,,,Bad,loitering in same area,BLA,BLA,,AD,Passing,,,
SL_2016CSEO_Dive_68_12-54-39.000.avi,29690,21:11:22,13:11:22,47482,,,510,795,QC,Asia,0,,2016,68,1,,,,,,Good,Good Going Forward,GGF,GGF,9,AD,Passing,,,
SL_2016CSEO_Dive_68_12-54-39.000.avi,38910,21:16:29,13:16:29,47789,,,624,811,QC,Asia,0,,2016,68,1,,,,,,Bad,loitering in same area,BLA,BLA,,AD,Passing,,ROV being tugged,
SL_2016CSEO_Dive_68_12-54-39.000.avi,40748,21:17:30,13:17:30,47850,,,620,818,QC,Asia,0,,2016,68,1,,,,,,Good,Good Going Forward,GGF,GGF,10,AD,Passing,,,
SL_2016CSEO_Dive_68_12-54-39.000.avi,43880,21:19:15,13:19:15,47955,,,640,901,QC,Asia,0,,2016,68,1,,,,,,Bad,loitering in same area,BLA,BLA,,AD,Passing,,,
SL_2016CSEO_Dive_68_12-54-39.000.avi,44111,21:19:22,13:19:22,47962,,,618,869,QC,Asia,0,,2016,68,1,,,,,,Good,Good Going Forward,GGF,GGF,11,AD,Passing,,,
SL_2016CSEO_Dive_68_12-54-39.000.avi,46731,21:20:50,13:20:50,48050,,,551,799,QC,Asia,0,,2016,68,1,,,,,,Bad,loitering in same area,BLA,BLA,,AD,Passing,,ROV being tugged,
SL_2016CSEO_Dive_68_12-54-39.000.avi,47933,21:21:30,13:21:30,48090,,,551,799,QC,Asia,0,,2016,68,1,,,,,,Good,Good Going Forward,GGF,GGF,12,AD,Passing,,,
SL_2016CSEO_Dive_68_12-54-39.000.avi,52028,21:23:46,13:23:46,48226,,,618,924,QC,Asia,0,,2016,68,1,,,,,,Bad,loitering in same area,BLA,BLA,,AD,Passing,,ROV being tugged,
SL_2016CSEO_Dive_68_12-54-39.000.avi,53504,21:24:35,13:24:35,48275,,,597,878,QC,Asia,0,,2016,68,1,,,,,,Good,Good Going Forward,GGF,GGF,13,AD,Passing,,,
SL_2016CSEO_Dive_68_12-54-39.000.avi,53824,21:24:46,13:24:46,48286,,,614,853,QC,Asia,0,,2016,68,1,,,,,,Bad,loitering in same area,BLA,BLA,,AD,Passing,,,
SL_2016CSEO_Dive_68_12-54-39.000.avi,54066,21:24:54,13:24:54,48294,,,550,819,QC,Asia,0,,2016,68,1,,,,,,Good,Good Going Forward,GGF,GGF,14,AD,Passing,,,
SL_2016CSEO_Dive_68_12-54-39.000.avi,59734,21:28:03,13:28:03,48483,,,646,828,QC,Asia,0,,2016,68,1,,,,,,Bad,loitering in same area,BLA,BLA,,AD,Passing,,,
SL_2016CSEO_Dive_68_12-54-39.000.avi,60012,21:28:12,13:28:12,48492,,,545,795,QC,Asia,0,,2016,68,1,,,,,,Good,Good Going Forward,GGF,GGF,15,AD,Passing,,,
SL_2016CSEO_Dive_68_12-54-39.000.avi,61997,21:29:19,13:29:18,48558,,,551,799,QC,Asia,0,,2016,68,1,,,,,,Bad,loitering in same area,BLA,BLA,,AD,Passing,,,
SL_2016CSEO_Dive_68_12-54-39.000.avi,62250,21:29:27,13:29:27,48567,,,551,799,QC,Asia,0,,2016,68,1,,,,,,Good,Good Going Forward,GGF,GGF,16,AD,Passing,,,
SL_2016CSEO_Dive_68_12-54-39.000.avi,67601,21:32:25,13:32:25,48745,,,550,795,QC,Asia,0,,2016,68,1,,,,,,Bad,loitering in same area,BLA,BLA,,AD,Passing,,,
SL_2016CSEO_Dive_68_12-54-39.000.avi,68584,21:32:58,13:32:58,48778,,,551,799,QC,Asia,0,,2016,68,1,,,,,,Bad,loitering in same area,BLA,BLA,,AD,Passing,End,Headshake,
SL_2016CSEO_Dive_69_15-10-21.000.avi,1640,23:11:27,15:11:27,54687,,,430,796,QC,Asia,0,,2016,69,1,,,,,,Good,Good Going Forward,GGF,GGF,1,AD,Passing,Start,,
SL_2016CSEO_Dive_69_15-10-21.000.avi,10416,23:16:19,15:16:19,54979,,,551,799,QC,Asia,0,,2016,69,1,,,,,,Bad,loitering in same area,BLA,BLA,,AD,Passing,,,
SL_2016CSEO_Dive_69_15-10-21.000.avi,10803,23:16:32,15:16:32,54992,,,605,744,QC,Asia,0,,2016,69,1,,,,,,Good,Good Going Forward,GGF,GGF,2,AD,Passing,,,
SL_2016CSEO_Dive_69_15-10-21.000.avi,14762,23:18:44,15:18:44,55124,,,409,731,QC,Asia,0,,2016,69,1,,,,,,Bad,loitering in same area,BLA,BLA,,AD,Passing,,ROV being tugged,
SL_2016CSEO_Dive_69_15-10-21.000.avi,15678,23:19:15,15:19:15,55155,,,547,742,QC,Asia,0,,2016,69,1,,,,,,Good,Good Going Forward,GGF,GGF,3,AD,Passing,,,
SL_2016CSEO_Dive_69_15-10-21.000.avi,43119,23:34:29,15:34:29,56069,,,666,788,QC,Asia,0,,2016,69,1,,,,,,Bad,loitering in same area,BLA,BLA,,AD,Passing,,,
SL_2016CSEO_Dive_69_15-10-21.000.avi,43426,23:34:40,15:34:39,56079,,,597,1074,QC,Asia,0,,2016,69,1,,,,,,Good,Good Going Forward,GGF,GGF,4,AD,Passing,,,
SL_2016CSEO_Dive_69_15-10-21.000.avi,49826,23:38:13,15:38:13,56293,,,583,884,QC,Asia,0,,2016,69,1,,,,,,Good,Good Going Forward,GGF,GGF,4,AD,Passing,End,,
SL_2016CSEO_Dive_70_16-22-15.000.avi,887,0:22:56,16:22:55,58975,,,551,799,QC,Asia,0,,2016,70,1,,,,,,Good,Good Going Forward,GGF,GGF,1,AD,Passing,Start,,
SL_2016CSEO_Dive_70_16-22-15.000.avi,6697,0:26:09,16:26:09,59169,,,551,799,QC,Asia,0,,2016,70,1,,,,,,Bad,loitering in same area,BLA,BLA,,AD,Passing,,ROV being tugged,
SL_2016CSEO_Dive_70_16-22-15.000.avi,8774,0:27:18,16:27:18,59238,,,551,799,QC,Asia,0,,2016,70,1,,,,,,Good,Good Going Forward,GGF,GGF,2,AD,Passing,,,
SL_2016CSEO_Dive_70_16-22-15.000.avi,17392,0:32:06,16:32:06,59526,,,551,799,QC,Asia,0,,2016,70,1,,,,,,Bad,loitering in same area,BLA,BLA,,AD,Passing,,ROV being tugged,
SL_2016CSEO_Dive_70_16-22-15.000.avi,18041,0:32:27,16:32:27,59547,,,608,786,QC,Asia,0,,2016,70,1,,,,,,Good,Good Going Forward,GGF,GGF,3,AD,Passing,,,
SL_2016CSEO_Dive_70_16-22-15.000.avi,36158,0:42:31,16:42:31,60151,,,609,877,QC,Asia,0,,2016,70,1,,,,,,Bad,loitering in same area,BLA,BLA,,AD,Passing,,,
SL_2016CSEO_Dive_70_16-22-15.000.avi,36617,0:42:47,16:42:47,60167,,,661,980,QC,Asia,0,,2016,70,1,,,,,,Good,Good Going Forward,GGF,GGF,4,AD,Passing,,,
SL_2016CSEO_Dive_70_16-22-15.000.avi,39390,0:44:19,16:44:19,60259,,,552,669,QC,Asia,0,,2016,70,1,,,,,,Bad,loitering in same area,BLA,BLA,,AD,Passing,,ROV being tugged,
SL_2016CSEO_Dive_70_16-22-15.000.avi,40987,0:45:12,16:45:12,60312,,,762,751,QC,Asia,0,,2016,70,1,,,,,,Good,Good Going Forward,GGF,GGF,5,AD,Passing,,,
SL_2016CSEO_Dive_70_16-22-15.000.avi,72265,1:02:35,17:02:35,61355,,,551,798,QC,Asia,0,,2016,70,1,,,,,,Good,Good Going Forward,GGF,GGF,5,AD,Passing,End,,
SL_2016CSEO_Dive_71_09-47-52.000.avi,682,17:48:30,9:48:30,35310,,,551,798,QC,Asia,0,,2016,71,1,,,,,,Good,Good Going Forward,GGF,GGF,1,AD,Passing,Start,,
SL_2016CSEO_Dive_71_09-47-52.000.avi,4720,17:50:44,9:50:44,35444,,,576,851,QC,Asia,0,,2016,71,1,,,,,,Bad,lost bottom visual,BLB,BLB,,AD,Passing,,BLB in both SL and belly,
SL_2016CSEO_Dive_71_09-47-52.000.avi,5311,17:51:04,9:51:04,35464,,,551,799,QC,Asia,0,,2016,71,1,,,,,,Good,Good Going Forward,GGF,GGF,2,AD,Passing,,,
SL_2016CSEO_Dive_71_09-47-52.000.avi,10577,17:54:00,9:54:00,35640,,,551,799,QC,Asia,0,,2016,71,1,,,,,,Bad,loitering in same area,BLA,BLA,,AD,Passing,,,
SL_2016CSEO_Dive_71_09-47-52.000.avi,11776,17:54:40,9:54:39,35679,,,551,799,QC,Asia,0,,2016,71,1,,,,,,Good,Good Going Forward,GGF,GGF,3,AD,Passing,,,
SL_2016CSEO_Dive_71_09-47-52.000.avi,13527,17:55:38,9:55:38,35738,,,791,829,QC,Asia,0,,2016,71,1,,,,,,Bad,loitering in same area,BLA,BLA,,AD,Passing,,ROV being tugged,
SL_2016CSEO_Dive_71_09-47-52.000.avi,14900,17:56:24,9:56:24,35784,,,582,799,QC,Asia,0,,2016,71,1,,,,,,Good,Good Going Forward,GGF,GGF,4,AD,Passing,,,
SL_2016CSEO_Dive_71_09-47-52.000.avi,15145,17:56:32,9:56:32,35792,,,549,764,QC,Asia,0,,2016,71,1,,,,,,Good,bad camera focus,GGF,GGF,4,AD,Passing,,BLB in SL but not in belly,
SL_2016CSEO_Dive_71_09-47-52.000.avi,15729,17:56:51,9:56:51,35811,,,551,799,QC,Asia,0,,2016,71,1,,,,,,Good,Good Going Forward,GGF,GGF,4,AD,Passing,,SL good,
SL_2016CSEO_Dive_71_09-47-52.000.avi,20618,17:59:34,9:59:34,35974,,,556,816,QC,Asia,0,,2016,71,1,,,,,,Bad,loitering in same area,BLA,BLA,,AD,Passing,,,
SL_2016CSEO_Dive_71_09-47-52.000.avi,20878,17:59:43,9:59:43,35983,,,651,684,QC,Asia,0,,2016,71,1,,,,,,Good,Good Going Forward,GGF,GGF,5,AD,Passing,,,
SL_2016CSEO_Dive_71_09-47-52.000.avi,28756,18:04:06,10:04:05,36245,,,662,829,QC,Asia,0,,2016,71,1,,,,,,Bad,loitering in same area,BLA,BLA,,AD,Passing,,,
SL_2016CSEO_Dive_71_09-47-52.000.avi,29108,18:04:17,10:04:17,36257,,,663,872,QC,Asia,0,,2016,71,1,,,,,,Good,Good Going Forward,GGF,GGF,6,AD,Passing,,,
SL_2016CSEO_Dive_71_09-47-52.000.avi,52062,18:17:02,10:17:02,37022,,,559,857,QC,Asia,0,,2016,71,1,,,,,,Bad,going backwards,BGB,BGB,,AD,Passing,End,no headshake; dive terminated,
SL_2016CSEO_Dive_72_11-06-49.000.avi,1289,19:07:47,11:07:47,40067,,,534,794,QC,Asia,0,,2016,72,1,,,,,,Good,Good Going Forward,GGF,GGF,1,AD,Passing,Start,,
SL_2016CSEO_Dive_72_11-06-49.000.avi,21394,19:18:57,11:18:57,40737,,,504,576,QC,Asia,0,,2016,72,1,,,,,,Good,Good Going Forward,GGF,GGF,1,AD,Passing,,BLB in SL but not in belly,
SL_2016CSEO_Dive_72_11-06-49.000.avi,21719,19:19:08,11:19:08,40748,,,595,817,QC,Asia,0,,2016,72,1,,,,,,Good,Good Going Forward,GGF,GGF,1,AD,Passing,,SL good,
SL_2016CSEO_Dive_72_11-06-49.000.avi,28701,19:23:01,11:23:01,40981,,,550,827,QC,Asia,0,,2016,72,1,,,,,,Good,Good Going Forward,GGF,GGF,1,AD,Passing,,BLB in SL but not in belly,
SL_2016CSEO_Dive_72_11-06-49.000.avi,29210,19:23:18,11:23:18,40998,,,559,817,QC,Asia,0,,2016,72,1,,,,,,Good,Good Going Forward,GGF,GGF,1,AD,Passing,,SL good,
SL_2016CSEO_Dive_72_11-06-49.000.avi,61743,19:41:22,11:41:22,42082,,,551,799,QC,Asia,0,,2016,72,1,,,,,,Good,Good Going Forward,GGF,GGF,1,AD,Passing,End,,
SL_2016CSEO_Dive_73_12-17-31.000.avi,551,20:18:04,12:18:04,44284,,,629,873,QC,Asia,0,,2016,73,1,,,,,,Good,Good Going Forward,GGF,GGF,1,AD,Passing,Start,,
SL_2016CSEO_Dive_73_12-17-31.000.avi,1882,20:18:49,12:18:49,44329,,,552,723,QC,Asia,0,,2016,73,1,,,,,,Bad,loitering in same area,BLA,BLA,,AD,Passing,,ROV being tugged,
SL_2016CSEO_Dive_73_12-17-31.000.avi,3098,20:19:29,12:19:29,44369,,,547,777,QC,Asia,0,,2016,73,1,,,,,,Bad,resting on bottom,BRB,BRB,,AD,Passing,,,
SL_2016CSEO_Dive_73_12-17-31.000.avi,3823,20:19:53,12:19:53,44393,,,551,799,QC,Asia,0,,2016,73,1,,,,,,Good,Good Going Forward,GGF,GGF,2,AD,Passing,,,
SL_2016CSEO_Dive_73_12-17-31.000.avi,8481,20:22:29,12:22:29,44549,,,542,798,QC,Asia,0,,2016,73,1,,,,,,Bad,loitering in same area,BLA,BLA,,AD,Passing,,ROV being tugged,
SL_2016CSEO_Dive_73_12-17-31.000.avi,8765,20:22:38,12:22:38,44558,,,536,749,QC,Asia,0,,2016,73,1,,,,,,Good,Good Going Forward,GGF,GGF,3,AD,Passing,,,
SL_2016CSEO_Dive_73_12-17-31.000.avi,13201,20:25:06,12:25:06,44706,,,696,884,QC,Asia,0,,2016,73,1,,,,,,Bad,loitering in same area,BLA,BLA,,AD,Passing,,,
SL_2016CSEO_Dive_73_12-17-31.000.avi,13363,20:25:11,12:25:11,44711,,,603,786,QC,Asia,0,,2016,73,1,,,,,,Good,Good Going Forward,GGF,GGF,4,AD,Passing,,,
SL_2016CSEO_Dive_73_12-17-31.000.avi,26392,20:32:26,12:32:26,45146,,,551,799,QC,Asia,0,,2016,73,1,,,,,,Bad,loitering in same area,BLA,BLA,,AD,Passing,,,
SL_2016CSEO_Dive_73_12-17-31.000.avi,26821,20:32:40,12:32:40,45160,,,551,799,QC,Asia,0,,2016,73,1,,,,,,Good,Good Going Forward,GGF,GGF,5,AD,Passing,,,
SL_2016CSEO_Dive_73_12-17-31.000.avi,33500,20:36:23,12:36:23,45383,,,551,799,QC,Asia,0,,2016,73,1,,,,,,Bad,repositioned,BRP,BRP,,AD,Passing,stuck on rock,,
SL_2016CSEO_Dive_73_12-17-31.000.avi,33840,20:36:34,12:36:34,45394,,,551,804,QC,Asia,0,,2016,73,1,,,,,,Good,Good Going Forward,GGF,GGF,6,AD,Passing,,,
SL_2016CSEO_Dive_73_12-17-31.000.avi,36581,20:38:05,12:38:05,45485,,,551,799,QC,Asia,0,,2016,73,1,,,,,,Bad,loitering in same area,BLA,BLA,,AD,Passing,,ROV being tugged,
SL_2016CSEO_Dive_73_12-17-31.000.avi,36890,20:38:16,12:38:16,45496,,,556,794,QC,Asia,0,,2016,73,1,,,,,,Good,Good Going Forward,GGF,GGF,7,AD,Passing,,,
SL_2016CSEO_Dive_73_12-17-31.000.avi,37590,20:38:39,12:38:39,45519,,,554,791,QC,Asia,0,,2016,73,1,,,,,,Bad,loitering in same area,BLA,BLA,,AD,Passing,,ROV being tugged,
SL_2016CSEO_Dive_73_12-17-31.000.avi,37930,20:38:50,12:38:50,45530,,,551,799,QC,Asia,0,,2016,73,1,,,,,,Bad,resting on bottom,BRB,BRB,,AD,Passing,,waiting for clump,
SL_2016CSEO_Dive_73_12-17-31.000.avi,38961,20:39:25,12:39:25,45565,,,551,798,QC,Asia,0,,2016,73,1,,,,,,Good,Good Going Forward,GGF,GGF,8,AD,Passing,,,
SL_2016CSEO_Dive_73_12-17-31.000.avi,47484,20:44:09,12:44:09,45849,,,551,799,QC,Asia,0,,2016,73,1,,,,,,Good,Good Going Forward,GGF,GGF,8,AD,Passing,End,ended 350m early,
SL_2016CSEO_Dive_74_14-35-46.000.avi,130,22:36:08,14:36:08,52568,,,620,832,QC,Asia,0,,2016,74,1,,,,,,Good,Good Going Forward,GGF,GGF,1,AD,Passing,Start,,
SL_2016CSEO_Dive_74_14-35-46.000.avi,1095,22:36:40,14:36:40,52600,,,551,799,QC,Asia,0,,2016,74,1,,,,,,Good,resting on bottom with close-up image,GRBC,GRBC,1,AD,Passing,,close-up on belly cam,
SL_2016CSEO_Dive_74_14-35-46.000.avi,1372,22:36:50,14:36:50,52610,,,568,750,QC,Asia,0,,2016,74,1,,,,,,Good,Good Going Forward,GGF,GGF,1,AD,Passing,,,
SL_2016CSEO_Dive_74_14-35-46.000.avi,14799,22:44:17,14:44:17,53057,,,549,808,QC,Asia,0,,2016,74,1,,,,,,Bad,loitering in same area,BLA,BLA,,AD,Passing,,,
SL_2016CSEO_Dive_74_14-35-46.000.avi,14962,22:44:23,14:44:23,53063,,,551,799,QC,Asia,0,,2016,74,1,,,,,,Good,Good Going Forward,GGF,GGF,2,AD,Passing,,,
SL_2016CSEO_Dive_74_14-35-46.000.avi,32256,22:53:59,14:53:59,53639,,,179,652,QC,Asia,0,,2016,74,1,,,,,,Bad,loitering in same area,BLA,BLA,,AD,Passing,,,
SL_2016CSEO_Dive_74_14-35-46.000.avi,32445,22:54:05,14:54:05,53645,,,536,694,QC,Asia,0,,2016,74,1,,,,,,Good,Good Going Forward,GGF,GGF,3,AD,Passing,,,
SL_2016CSEO_Dive_74_14-35-46.000.avi,40417,22:58:31,14:58:31,53911,,,551,799,QC,Asia,0,,2016,74,1,,,,,,Bad,loitering in same area,BLA,BLA,,AD,Passing,,,
SL_2016CSEO_Dive_74_14-35-46.000.avi,40603,22:58:37,14:58:37,53917,,,733,960,QC,Asia,0,,2016,74,1,,,,,,Good,Good Going Forward,GGF,GGF,4,AD,Passing,,,
SL_2016CSEO_Dive_74_14-35-46.000.avi,62836,23:10:59,15:10:59,54659,,,650,826,QC,Asia,0,,2016,74,1,,,,,,Good,Good Going Forward,GGF,GGF,4,AD,Passing,End,,
SL_2016CSEO_Dive_75_16-23-09.000.avi,1281,0:24:08,16:24:08,59048,,,546,888,QC,Asia,0,,2016,75,1,,,,,,Good,Good Going Forward,GGF,GGF,1,AD,Passing,Start,,
SL_2016CSEO_Dive_75_16-23-09.000.avi,22522,0:35:56,16:35:56,59756,,,649,816,QC,Asia,0,,2016,75,1,,,,,,Good,resting on bottom with close-up image,GRBC,GRBC,1,AD,Passing,,fish under rock,
SL_2016CSEO_Dive_75_16-23-09.000.avi,22713,0:36:02,16:36:02,59762,,,551,940,QC,Asia,0,,2016,75,1,,,,,,Good,Good Going Forward,GGF,GGF,1,AD,Passing,,,
SL_2016CSEO_Dive_75_16-23-09.000.avi,44727,0:48:16,16:48:16,60496,,,560,841,QC,Asia,0,,2016,75,1,,,,,,Good,resting on bottom with close-up image,GRBC,GRBC,1,AD,Passing,,blue plastic?,
SL_2016CSEO_Dive_75_16-23-09.000.avi,44913,0:48:22,16:48:22,60502,,,605,875,QC,Asia,0,,2016,75,1,,,,,,Good,Good Going Forward,GGF,GGF,1,AD,Passing,,,
SL_2016CSEO_Dive_75_16-23-09.000.avi,55996,0:54:32,16:54:31,60871,,,434,768,QC,Asia,0,,2016,75,1,,,,,,Good,Good Going Forward,GGF,GGF,1,AD,Passing,End,,
SL_2016CSEO_Dive_76_17-52-23.000.avi,445,1:52:54,17:52:54,64374,,,549,795,QC,Asia,0,,2016,76,1,,,,,,Good,Good Going Forward,GGF,GGF,1,AD,Passing,Start,,
SL_2016CSEO_Dive_76_17-52-23.000.avi,35253,2:12:14,18:12:14,65534,,,546,789,QC,Asia,0,,2016,76,1,,,,,,Bad,loitering in same area,BLA,BLA,,AD,Passing,,,
SL_2016CSEO_Dive_76_17-52-23.000.avi,35783,2:12:32,18:12:32,65552,,,552,771,QC,Asia,0,,2016,76,1,,,,,,Good,Good Going Forward,GGF,GGF,2,AD,Passing,,,
SL_2016CSEO_Dive_76_17-52-23.000.avi,47887,2:19:15,18:19:15,65955,,,535,802,QC,Asia,0,,2016,76,1,,,,,,Good,Good Going Forward,GGF,GGF,2,AD,Passing,End,,
SL_2016CSEO_Dive_77_08-10-26.000.avi,70,16:11:12,8:11:12,29472,,,551,798,QC,Asia,0,,2016,77,1,,,,,,Good,Good Going Forward,GGF,GGF,1,AD,Passing,Start,,
SL_2016CSEO_Dive_77_08-10-26.000.avi,2726,16:12:41,8:12:41,29561,,,534,789,QC,Asia,0,,2016,77,1,,,,,,Bad,loitering in same area,BLA,BLA,,AD,Passing,,ROV being tugged,
SL_2016CSEO_Dive_77_08-10-26.000.avi,5410,16:14:10,8:14:10,29650,,,709,1019,QC,Asia,0,,2016,77,1,,,,,,Good,Good Going Forward,GGF,GGF,2,AD,Passing,,,
SL_2016CSEO_Dive_77_08-10-26.000.avi,49853,16:38:52,8:38:52,31132,,,551,799,QC,Asia,0,,2016,77,1,,,,,,Bad,loitering in same area,BLA,BLA,,AD,Passing,,ROV being tugged,
SL_2016CSEO_Dive_77_08-10-26.000.avi,51528,16:39:48,8:39:48,31188,,,547,801,QC,Asia,0,,2016,77,1,,,,,,Good,Good Going Forward,GGF,GGF,3,AD,Passing,,,
SL_2016CSEO_Dive_77_08-10-26.000.avi,58723,16:43:47,8:43:47,31427,,,551,799,QC,Asia,0,,2016,77,1,,,,,,Good,Good Going Forward,GGF,GGF,3,AD,Passing,End,,
SL_2016CSEO_Dive_78_10-43-35.000.avi,462,18:44:10,10:44:10,38650,,,640,868,QC,Asia,0,,2016,78,1,,,,,,Good,Good Going Forward,GGF,GGF,1,AD,Passing,Start,,
SL_2016CSEO_Dive_78_10-43-35.000.avi,15243,18:52:23,10:52:23,39143,,,476,790,QC,Asia,0,,2016,78,1,,,,,,Bad,loitering in same area,BLA,BLA,,AD,Passing,,,
SL_2016CSEO_Dive_78_10-43-35.000.avi,15429,18:52:29,10:52:29,39149,,,603,773,QC,Asia,0,,2016,78,1,,,,,,Good,Good Going Forward,GGF,GGF,2,AD,Passing,,,
SL_2016CSEO_Dive_78_10-43-35.000.avi,51710,19:12:39,11:12:39,40359,,,484,786,QC,Asia,0,,2016,78,1,,,,,,Bad,repositioned,BRP,BRP,,AD,Passing,,hit by halibut,
SL_2016CSEO_Dive_78_10-43-35.000.avi,52118,19:12:52,11:12:52,40372,,,551,799,QC,Asia,0,,2016,78,1,,,,,,Good,Good Going Forward,GGF,GGF,3,AD,Passing,,,
SL_2016CSEO_Dive_78_10-43-35.000.avi,63915,19:19:25,11:19:25,40765,,,551,799,QC,Asia,0,,2016,78,1,,,,,,Good,Good Going Forward,GGF,GGF,3,AD,Passing,End,,
