Filename,Frame,Time (HMS),Period,Period time (HMS),Length (mm),Precision (mm),RMS (mm),Range (mm),Direction (deg),Horz. Dir. (deg),Vert. Dir. (deg),Mid X (mm),Mid Y (mm),Mid Z (mm),OpCode,TapeReader,Depth,Comment,Year,Dive,Transect Number,Dive Type,,,,,Family,Genus,Species,Code,Number,Stage,Activity,Check ID,Comment,Event Time HH:MM:SS
SL_2018NSEO_Dive_26_11-42-17.000.avi,1821,11:43:29,,,,57.112,4.377,5503.274,33.199,,,-2665.965,1381.371,-4611.992,1,KelliiWood,80,N/A,2018,26,43,Line,,,,,rockfish,canary,146,146,1,,,,,
SL_2018NSEO_Dive_26_11-42-17.000.avi,2160,11:43:40,,,513.08,50.458,1.596,3858.348,18.796,43.36,39.249,-1179.422,392.992,-3652.584,1,KelliiWood,80,N/A,2018,26,43,Line,,,,,halibut,halibut,200,200,2,,,,,
SL_2018NSEO_Dive_26_11-42-17.000.avi,3583,11:44:27,,,,59.779,3.121,5379.055,18.248,,,1236.33,1118.119,-5114.248,1,KelliiWood,80,N/A,2018,26,43,Line,,,,,halibut,halibut,200,200,3,,,,,
SL_2018NSEO_Dive_26_11-42-17.000.avi,4453,11:44:56,,,,109.608,5.14,7498.122,14.797,,,800.824,1702.987,-7258.123,1,KelliiWood,80,N/A,2018,26,43,Line,,,,,halibut,halibut,200,200,4,,,,,
SL_2018NSEO_Dive_26_11-42-17.000.avi,4453,11:44:56,,,,41.274,1.766,4721.348,11.108,,,887.475,176.178,-4633.84,1,KelliiWood,80,N/A,2018,26,43,Line,,,,,halibut,halibut,200,200,5,,,,,
SL_2018NSEO_Dive_26_11-42-17.000.avi,4856,11:45:10,,,,59.036,4.108,5287.945,24.226,,,-1635.763,1401.353,-4829.373,1,KelliiWood,80,N/A,2018,26,43,Line,,,,,halibut,halibut,200,200,6,,,,,
SL_2018NSEO_Dive_26_11-42-17.000.avi,4856,11:45:10,,,,122.962,6.17,7715.531,30.295,,,-2655.371,2811.974,-6676.169,1,KelliiWood,80,N/A,2018,26,43,Line,,,,,halibut,halibut,200,200,7,,,,,
SL_2018NSEO_Dive_26_11-42-17.000.avi,6067,11:45:50,,,601.361,128.277,0.915,7968.285,26.591,12.443,4.624,2274.059,2747.861,-7125.411,1,KelliiWood,80,N/A,2018,26,43,Line,,,,,halibut,halibut,200,200,8,,,,,
SL_2018NSEO_Dive_26_11-42-17.000.avi,11024,11:48:35,,,381.616,19.045,1.197,2602.22,4.763,25.073,4.352,-178.951,-121.127,-2593.232,1,KelliiWood,80,N/A,2018,26,43,Line,,,,,halibut,halibut,200,200,9,,,,,
SL_2018NSEO_Dive_26_11-42-17.000.avi,11960,11:49:07,,,475.233,50.152,1.987,4989.112,17.898,18.408,9.805,-565.893,1425.02,-4747.665,1,KelliiWood,80,N/A,2018,26,43,Line,,,,,halibut,halibut,200,200,10,,,,,
SL_2018NSEO_Dive_26_11-42-17.000.avi,12499,11:49:25,,,767.246,75.368,2.882,5976.269,21.289,13.77,9.583,-1566.101,1501.776,-5568.463,1,KelliiWood,80,N/A,2018,26,43,Line,,,,,halibut,halibut,200,200,11,,,,,
SL_2018NSEO_Dive_26_11-42-17.000.avi,20447,11:53:50,,,935.343,108.832,7.042,5443.926,17.999,35.633,5.106,1016.595,1340.206,-5177.52,1,KelliiWood,80,N/A,2018,26,43,Line,,,,,halibut,halibut,200,200,12,,,,,
SL_2018NSEO_Dive_26_11-42-17.000.avi,20677,11:53:57,,,577.977,45.268,2.928,3089.115,8.967,66.659,37.681,479.046,48.464,-3051.36,1,KelliiWood,80,N/A,2018,26,43,Line,,,,,halibut,halibut,200,200,13,,,,,
SL_2018NSEO_Dive_26_11-42-17.000.avi,34344,12:01:33,,,,34.393,3.07,4161.531,16.086,,,1077.584,390.299,-4000.603,1,KelliiWood,80,N/A,2018,26,43,Line,,,,,rockfish,rosethorn,150,150,14,,,,,
SL_2018NSEO_Dive_26_11-42-17.000.avi,34947,12:01:53,,,,51.348,1.096,4981.012,24.673,,,1942.899,717.733,-4529.954,1,KelliiWood,80,N/A,2018,26,43,Line,,,,,rockfish,rosethorn,150,150,15,,,,,
SL_2018NSEO_Dive_26_11-42-17.000.avi,35024,12:01:55,,,,76.221,2.368,6020.103,22.551,,,-1746.491,1482.021,-5567.317,1,KelliiWood,80,N/A,2018,26,43,Line,,,,,greenling,kelp greenling,194,194,16,,,,,
SL_2018NSEO_Dive_26_11-42-17.000.avi,35351,12:02:06,,,,58.527,0.316,5330.37,18.395,,,1410.717,890.657,-5062.554,1,KelliiWood,80,N/A,2018,26,43,Line,,,,,rockfish,rosethorn,150,150,17,,,,,
SL_2018NSEO_Dive_26_11-42-17.000.avi,35652,12:02:16,,,,11.481,0.596,2445.318,13.21,,,-113.279,-559.169,-2377.831,1,KelliiWood,80,N/A,2018,26,43,Line,,,,,rockfish,rosethorn,150,150,18,,,,,
SL_2018NSEO_Dive_26_11-42-17.000.avi,35819,12:02:22,,,,47.085,1.315,4926.857,12.786,,,909.791,576.74,-4807.658,1,KelliiWood,80,N/A,2018,26,43,Line,,,,,rockfish,rosethorn,150,150,19,,,,,
SL_2018NSEO_Dive_26_11-42-17.000.avi,35998,12:02:28,,,847.856,23.966,1.004,3155.784,5.208,19.562,2.271,-265.552,107.384,-3142.757,1,KelliiWood,80,N/A,2018,26,43,Line,,,,,halibut,halibut,200,200,20,,,,,
SL_2018NSEO_Dive_26_11-42-17.000.avi,36297,12:02:38,,,,37.878,1.556,4447.254,11.63,,,708.147,527.922,-4358.657,1,KelliiWood,80,N/A,2018,26,43,Line,,,,,rockfish,rosethorn,150,150,21,,,,,
SL_2018NSEO_Dive_26_11-42-17.000.avi,36697,12:02:51,,,,36.735,0.4,4208.168,23.895,,,-1515.538,760.747,-3851.374,1,KelliiWood,80,N/A,2018,26,43,Line,,,,,rockfish,rosethorn,150,150,22,,,,,
SL_2018NSEO_Dive_26_11-42-17.000.avi,37059,12:03:03,,,,59.173,3.246,5336.545,29.66,,,-1823.109,1887.158,-4646.893,1,KelliiWood,80,N/A,2018,26,43,Line,,,,,rockfish,rosethorn,150,150,23,,,,,
SL_2018NSEO_Dive_26_11-42-17.000.avi,37151,12:03:06,,,,54.586,0.569,5103.009,23.896,,,-1721.491,1120.743,-4671.307,1,KelliiWood,80,N/A,2018,26,43,Line,,,,,rockfish,rosethorn,150,150,24,,,,,
SL_2018NSEO_Dive_26_11-42-17.000.avi,37151,12:03:06,,,,46.007,3.164,4894.595,32.964,,,-2280.74,1354.469,-4113.477,1,KelliiWood,80,N/A,2018,26,43,Line,,,,,rockfish,yelloweye,145,145,25,AD,Fish milling/hovering,,,
SL_2018NSEO_Dive_26_11-42-17.000.avi,37648,12:03:23,,,,29.095,1.074,3932.615,11.196,,,711.663,257.319,-3859.117,1,KelliiWood,80,N/A,2018,26,43,Line,,,,,rockfish,rosethorn,150,150,26,,,,,
SL_2018NSEO_Dive_26_11-42-17.000.avi,38275,12:03:44,,,,35.624,0.729,4104.533,24.682,,,-1268.339,1134.083,-3735.286,1,KelliiWood,80,N/A,2018,26,43,Line,,,,,rockfish,rosethorn,150,150,27,,,,,
SL_2018NSEO_Dive_26_11-42-17.000.avi,39544,12:04:26,,,,45.858,0.963,4880.213,27.933,,,-2241.141,429.462,-4313.854,1,KelliiWood,80,N/A,2018,26,43,Line,,,,,rockfish,rosethorn,150,150,28,,,,,
SL_2018NSEO_Dive_26_11-42-17.000.avi,39544,12:04:26,,,,26.255,1.329,3928.187,4.948,,,4.471,319.045,-3915.207,1,KelliiWood,80,N/A,2018,26,43,Line,,,,,rockfish,rosethorn,150,150,29,,,,,
SL_2018NSEO_Dive_26_11-42-17.000.avi,39737,12:04:33,,,,75.1,5.685,6091.752,16.927,,,1005.68,1431.547,-5835.129,1,KelliiWood,80,N/A,2018,26,43,Line,,,,,rockfish,quillback,147,147,30,,,,,
SL_2018NSEO_Dive_26_11-42-17.000.avi,40132,12:04:46,,,1074.73,102.538,6,7077.154,25.806,3.82,13.209,-2417.921,1909.211,-6371.395,1,KelliiWood,80,N/A,2018,26,43,Line,,,,,halibut,halibut,200,200,31,,,,,
SL_2018NSEO_Dive_26_11-42-17.000.avi,40471,12:04:57,,,,60.298,4.408,5440.588,18.667,,,1595.229,672.36,-5157.827,1,KelliiWood,80,N/A,2018,26,43,Line,,,,,rockfish,rosethorn,150,150,32,,,,,
SL_2018NSEO_Dive_26_11-42-17.000.avi,41003,12:05:15,,,,31.042,0.935,4283.767,4.287,,,-125.544,273.038,-4273.213,1,KelliiWood,80,N/A,2018,26,43,Line,,,,,rockfish,rosethorn,150,150,33,,,,,
SL_2018NSEO_Dive_26_11-42-17.000.avi,41003,12:05:15,,,,53.629,2.178,5345.282,10.511,,,-692.258,660.224,-5258.985,1,KelliiWood,80,N/A,2018,26,43,Line,,,,,rockfish,rosethorn,150,150,34,,,,,
SL_2018NSEO_Dive_26_11-42-17.000.avi,41049,12:05:16,,,764.375,454.063,5.226,11054.311,34.765,85.324,30.124,5102.43,3701.001,-9081.057,1,KelliiWood,80,N/A,2018,26,43,Line,,,,,rockfish,yelloweye,145,145,35,,,,,
SL_2018NSEO_Dive_26_11-42-17.000.avi,41325,12:05:25,,,,33.447,5.642,4184.924,27.826,,,1949.821,100.603,-3701.577,1,KelliiWood,80,N/A,2018,26,43,Line,,,,,rockfish,rosethorn,150,150,36,,,,,
SL_2018NSEO_Dive_26_11-42-17.000.avi,41674,12:05:37,,,,47.195,0.34,4962.577,23.682,,,-1992.923,14.243,-4544.802,1,KelliiWood,80,N/A,2018,26,43,Line,,,,,rockfish,rosethorn,150,150,37,,,,,
SL_2018NSEO_Dive_26_11-42-17.000.avi,43019,12:06:22,,,,124.717,2.297,7843.674,29.652,,,-3317.417,1978.979,-6826.537,1,KelliiWood,80,N/A,2018,26,43,Line,,,,,rockfish,quillback,147,147,38,,,,,
SL_2018NSEO_Dive_26_11-42-17.000.avi,43363,12:06:33,,,,20.426,1.655,3172.314,24.336,,,359.875,1242.209,-2896.719,1,KelliiWood,80,N/A,2018,26,43,Line,,,,,rockfish,silvergray,157,157,39,,,,,
SL_2018NSEO_Dive_26_11-42-17.000.avi,44002,12:06:55,,,,20.803,1.77,3508.825,3.141,,,-191.702,-32.418,-3503.434,1,KelliiWood,80,N/A,2018,26,43,Line,,,,,rockfish,silvergray,157,157,40,,,,,
SL_2018NSEO_Dive_26_11-42-17.000.avi,44780,12:07:21,,,,63.372,1.723,5535.955,20.328,,,-1632.445,990.617,-5196.21,1,KelliiWood,80,N/A,2018,26,43,Line,,,,,rockfish,rosethorn,150,150,41,,,,,
SL_2018NSEO_Dive_26_11-42-17.000.avi,45482,12:07:44,,,,45.606,1.633,4704.845,20.273,,,-1424.434,770.548,-4417.331,1,KelliiWood,80,N/A,2018,26,43,Line,,,,,rockfish,rosethorn,150,150,42,,,,,
SL_2018NSEO_Dive_26_11-42-17.000.avi,45566,12:07:47,,,442.916,63.714,2.29,5507.601,27.442,4.74,12.908,-1979.744,1588.399,-4887.87,1,KelliiWood,80,N/A,2018,26,43,Line,,,,,rockfish,yelloweye,145,145,43,AD,Fish moving quickly into frame,,,
SL_2018NSEO_Dive_26_11-42-17.000.avi,45868,12:07:57,,,,28.492,2.764,3820.673,24.589,,,1588.326,51.591,-3474.493,1,KelliiWood,80,N/A,2018,26,43,Line,,,,,rockfish,rosethorn,150,150,44,,,,,
SL_2018NSEO_Dive_26_11-42-17.000.avi,47014,12:08:35,,,,39.783,6.085,4531.162,15.299,,,1165.341,245.047,-4371.883,1,KelliiWood,80,N/A,2018,26,43,Line,,,,,rockfish,rosethorn,150,150,45,,,,,
SL_2018NSEO_Dive_26_11-42-17.000.avi,49551,12:10:00,,,,45.89,7.857,4769.291,20.846,,,1644.28,398.017,-4459.155,1,KelliiWood,80,N/A,2018,26,43,Line,,,,,rockfish,yelloweye,145,145,46,,,,,
SL_2018NSEO_Dive_26_11-42-17.000.avi,49661,12:10:03,,,,36.932,0.337,4332.015,23.606,,,-1709.466,275.049,-3970.948,1,KelliiWood,80,N/A,2018,26,43,Line,,,,,rockfish,rosethorn,150,150,47,,,,,
SL_2018NSEO_Dive_26_11-42-17.000.avi,51492,12:11:04,,,780.479,276.427,5.001,8329.281,25.613,46.946,13.16,1762.615,3139.785,-7510.782,1,KelliiWood,80,N/A,2018,26,43,Line,,,,,rockfish,yelloweye,145,145,48,AD,Fish moving quickly into frame,,,
,,,,,,,,,,,,,,,,,,,,,,,,,,,,,,,,,,,,
,,,,,,,,,,,,,,,,,,,,,,,,,,,,,,,,,,,,
,,,,,,,,,,,,,,,,,,,,,,,,,,,,,,,,,,,,
,,,,,,,,,,,,,,,,,,,,,,,,,,,,,,,,,,,,
