Event_ID,DIVE_NO,TRANSECT_NO,HORITA_CODE,TIME_UTC,Time_AK,DROP_FRAME,QUALITY_CODE,SEGMENT_NO,START_END,COMMENTS
4_135,4,1,02:02:55:04,02:02:55,18:02:55,04,GGF,1,Start,
4_135,4,1,02:05:41:10,02:05:41,18:05:41,10,GRB,,,
4_135,4,1,02:06:06:17,02:06:06,18:06:06,17,GGF,2,,
4_135,4,1,02:11:14:20,02:11:14,18:11:14,20,GRB,,,
4_135,4,1,02:11:21:12,02:11:21,18:11:21,12,GGF,3,,
4_135,4,1,02:13:45:07,02:13:45,18:13:45,07,BLA,,,
4_135,4,1,02:13:56:26,02:13:56,18:13:56,26,GGF,4,,
4_135,4,1,02:34:42:11,02:34:42,18:34:42,11,GGF,4,End,
5_135,5,1,00:40:19:16,00:40:19,16:40:19,16,GGF,1,Start,
5_135,5,1,01:12:21:00,01:12:21,17:12:21,00,GGF,1,End,
6_135,6,1,23:19:40:21,23:19:40,15:19:40,21,GGF,1,Start,
6_135,6,1,23:31:17:22,23:31:17,15:31:17,22,BPV,,,
6_135,6,1,23:31:31:09,23:31:31,15:31:31,09,GGF,2,,
6_135,6,1,23:33:39:11,23:33:39,15:33:39,11,BGB,,,
6_135,6,1,23:33:45:02,23:33:45,15:33:45,02,GGF,3,,
6_135,6,1,23:38:42:14,23:38:42,15:38:42,14,BPV,,,
6_135,6,1,23:38:53:11,23:38:53,15:38:53,11,GGF,4,,
6_135,6,1,23:39:01:02,23:39:01,15:39:01,02,BPV,,,
6_135,6,1,23:39:05:14,23:39:05,15:39:05,14,GGF,5,,
6_135,6,1,23:58:43:10,23:58:43,15:58:43,10,GGF,5,End,
9_135,9,1,21:24:13:01,21:24:13,13:24:13,01,GGF,1,Start,
9_135,9,1,21:37:21:04,21:37:21,13:37:21,04,BLB,,,
9_135,9,1,21:37:26:15,21:37:26,13:37:26,15,GGF,2,,
9_135,9,1,21:47:03:18,21:47:03,13:47:03,18,BLA,,,
9_135,9,1,21:47:23:15,21:47:23,13:47:23,15,GGF,3,,
9_135,9,1,21:58:59:24,21:58:59,13:58:59,24,BLB,,,
9_135,9,1,21:59:13:21,21:59:13,13:59:13,21,BRB,,,
9_135,9,1,21:59:57;25,21:59:57,13:59:57,25,GGF,4,,
9_135,9,1,22:07:48:14,22:07:48,14:07:48,14,GGF,4,End,
11_135,11,1,14:34:16:12,14:34:16,06:34:16,12,GGF,1,Start,
11_135,11,1,14:36:26:28,14:36:26,06:36:26,28,BLB,,,
11_135,11,1,14:37:31:01,14:37:31,06:37:31,01,GGF,2,,
11_135,11,1,14:44:29:19,14:44:29,06:44:29,19,BLB,,,hard to tell if can see bottom in clamshell. Check on computer
11_135,11,1,14:44:41:04,14:44:41,06:44:41,04,GGF,3,,
11_135,11,1,14:53:30:26,14:53:30,06:53:30,26,BLB,,,
11_135,11,1,14:53:48:28,14:53:48,06:53:48,28,GGF,4,,
11_135,11,1,15:10:08:27,15:10:08,07:10:08,27,GGF,4,End,
13_135,13,1,16:00:37:14,16:00:37,08:00:37,14,GGF,1,Start,pause and restart
13_135,13,1,16:02:43:29,16:02:43,08:02:43,29,BLA,,,
13_135,13,1,16:03:07:10,16:03:07,08:03:07,10,GGF,2,,
13_135,13,1,16:04:15:03,16:04:15,08:04:15,03,BPV,,,
13_135,13,1,16:04:24:23,16:04:24,08:04:24,23,GGF,3,,
13_135,13,1,16:08:26:17,16:08:26,08:08:26,17,BPV,,,
13_135,13,1,16:08:38:02,16:08:38,08:08:38,02,GGF,4,,
13_135,13,1,16:35:49:13,16:35:49,08:35:49,13,BPV,,,
13_135,13,1,16:36:16:24,16:36:16,08:36:16,24,GGF,5,,
13_135,13,1,16:37:19:29,16:37:19,08:37:19,29,BPV,,,
13_135,13,1,16:37:40:20,16:37:40,08:37:40,20,GGF,6,,
13_135,13,1,16:39:36:07,16:39:36,08:39:36,07,BLB,,,
13_135,13,1,16:49:48:09,16:49:48,08:49:48,09,GGF,7,,
13_135,13,1,16:53:58:18,16:53:58,08:53:58,18,GGF,7,End,
14_135,14,1,17:40:07:07,17:40:07,09:40:07,07,GGF,1,Start,
14_135,14,1,18:11:48:24,18:11:48,10:11:48,24,GGF,1,End,
15_90,15,1,19:04:03:25,19:04:03,11:04:03,25,GGF,1,Start,
15_90,15,1,19:42:21:03,19:42:21,11:42:21,03,GGF,1,End,
25_135,25,1,13:26:34:17,13:26:34,05:26:34,17,GGF,1,Start,video jumps from 13:24:28 to 13:26:32. Dive log says dive began at 13:25 so I think we missed head shake when video jumped. Calling start 13:26:32
25_135,25,1,13:54:33:04,13:54:33,05:54:33,04,BLB,,,
25_135,25,1,13:54:41:21,13:54:41,05:54:41,21,GGF,2,,
25_135,25,1,13:55:40:16,13:55:40,05:55:40,16,BLB,,,
25_135,25,1,13:56:10:27,13:56:10,05:56:10,27,GGF,3,,
25_135,25,1,14:13:09:07,14:13:09,06:13:09,07,GGF,3,End,
27_0,27,1,15:55:03:16,15:55:03,07:55:03,16,GGF,1,Start,"no head shake to start, cameras were started late"
27_0,27,1,16:29:02:08,16:29:02,08:29:02,08,GGF,1,End,
29_0,29,1,17:58:54:07,17:58:54,09:58:54,07,GGF,1,Start,
29_0,29,1,18:13:12:02,18:13:12,10:13:12,02,BPV,,,
29_0,29,1,18:13:19:29,18:13:19,10:13:19,29,GGF,2,,
29_0,29,1,18:36:59:14,18:36:59,10:36:59,14,GGF,2,End,
31_0,31,1,21:43:14:27,21:43:14,13:43:14,27,GGF,1,Start,
31_0,31,1,22:20:24:25,22:20:24,14:20:24,25,GGF,1,End,
33_0,33,1,23:04:15:24,23:04:15,15:04:15,24,GGF,1,Start,
33_0,33,1,23:50:00:19,23:50:00,15:50:00,19,GGF,1,End,
39_135,39,1,03:29:04:12,03:29:04,19:29:04,12,GGF,1,Start,
39_135,39,1,03:47:01:22,03:47:01,19:47:01,22,BPV,,,
39_135,39,1,03:47:14:15,03:47:14,19:47:14,15,GGF,2,,
39_135,39,1,04:00:48:17,04:00:48,20:00:48,17,BRB,,,
39_135,39,1,04:01:30:24,04:01:30,20:01:30,24,GGF,3,,
39_135,39,1,04:06:08:11,04:06:08,20:06:08,11,GGF,3,End,
41_135,41,1,01:36:42:17,01:36:42,17:36:42,17,GGF,1,Start,
41_135,41,1,02:01:54:12,02:01:54,18:01:54,12,BLB,,,
41_135,41,1,02:02:21:25,02:02:21,18:02:21,25,GGF,2,,
41_135,41,1,02:03:37:12,02:03:37,18:03:37,12,BLB,,,
41_135,41,1,02:04:11:07,02:04:11,18:04:11,07,BPV,,,
41_135,41,1,02:04:53:18,02:04:53,18:04:53,18,GGF,3,,
41_135,41,1,02:08:43:11,02:08:43,18:08:43,11,BLB,,,
41_135,41,1,02:08:48:09,02:08:48,18:08:48,09,GGF,4,,
41_135,41,1,02:11:12:09,02:11:12,18:11:12,09,BLB,,,
41_135,41,1,02:11:28:16,02:11:28,18:11:28,16,GGF,5,,
41_135,41,1,02:12:01:10,02:12:01,18:12:01,10,BLB,,,
41_135,41,1,02:12:14:15,02:12:14,18:12:14,15,GGF,6,,
41_135,41,1,02:12:24:09,02:12:24,18:12:24,09,BLB,,,
41_135,41,1,02:12:56:12,02:12:56,18:12:56,12,GGF,7,,
41_135,41,1,02:13:32:00,02:13:32,18:13:32,00,BLB,,,
41_135,41,1,02:13:40:05,02:13:40,18:13:40,05,GGF,8,,
41_135,41,1,02:15:11:19,02:15:11,18:15:11,19,GGF,8,End,
43_45,43,1,22:12:01:29,22:12:01,14:12:01,29,GGF,1,Start,
43_45,43,1,22:30:40:26,22:30:40,14:30:40,26,BPV,,,
43_45,43,1,22:30:46:13,22:30:46,14:30:46,13,GGF,2,,
43_45,43,1,22:30:51:15,22:30:51,14:30:51,15,BPV,,,
43_45,43,1,22:30:55:05,22:30:55,14:30:55,05,GGF,3,,
43_45,43,1,22:32:28:13,22:32:28,14:32:28,13,BPV,,,
43_45,43,1,22:32:33:08,22:32:33,14:32:33,08,GGF,4,,
43_45,43,1,22:44:00:21,22:44:00,14:44:00,21,BPV,,,
43_45,43,1,22:44:14:03,22:44:14,14:44:14,03,GGF,5,,
43_45,43,1,22:44:26:09,22:44:26,14:44:26,09,BLA,,,
43_45,43,1,22:44:39:18,22:44:39,14:44:39,18,GGF,6,,
43_45,43,1,22:45:51:25,22:45:51,14:45:51,25,BPV,,,
43_45,43,1,22:46:13:26,22:46:13,14:46:13,26,GGF,7,,
43_45,43,1,22:49:43:12,22:49:43,14:49:43,12,GGF,7,End,
47_135,47,1,20:21:06:05,20:21:06,12:21:06,05,GGF,1,Start,
47_135,47,1,20:49:22:01,20:49:22,12:49:22,01,BPV,,,
47_135,47,1,20:49:28:02,20:49:28,12:49:28,02,GGF,2,,
47_135,47,1,20:57:33:19,20:57:33,12:57:33,19,GGF,2,End,
48_135,48,1,18:12:08:22,18:12:08,10:12:08,22,GGF,1,Start,
48_135,48,1,18:29:19:07,18:29:19,10:29:19,07,BLB,,,
48_135,48,1,18:33:00:17,18:33:00,10:33:00,17,GGF,2,,
48_135,48,1,18:35:27:24,18:35:27,10:35:27,24,BPV,,,
48_135,48,1,18:35:37:15,18:35:37,10:35:37,15,GGF,3,,
48_135,48,1,18:40:44:09,18:40:44,10:40:44,09,BDO,,,
48_135,48,1,18:40:59:28,18:40:59,10:40:59,28,GGF,4,,
48_135,48,1,18:41:13:18,18:41:13,10:41:13,18,BPV,,,
48_135,48,1,18:41:22:26,18:41:22,10:41:22,26,GGF,5,,
48_135,48,1,18:52:06:28,18:52:06,10:52:06,28,BDO,,,
48_135,48,1,18:52:23:06,18:52:23,10:52:23,06,GGF,6,,
48_135,48,1,18:53:13:14,18:53:13,10:53:13,14,BDO,,,
48_135,48,1,18:53:17:08,18:53:17,10:53:17,08,GGF,7,,
48_135,48,1,18:54:06:22,18:54:06,10:54:06,22,BDO,,,
48_135,48,1,18:54:26:23,18:54:26,10:54:26,23,GGF,8,,
48_135,48,1,18:54:44:28,18:54:44,10:54:44,28,BDO,,,
48_135,48,1,18:54:55:30,18:54:55,10:54:55,30,GGF,9,,
48_135,48,1,18:56:58:13,18:56:58,10:56:58,13,GGF,9,End,
49_135,49,1,03:03:10:13,03:03:10,19:03:10,13,GGF,1,Start,one pause and restart
49_135,49,1,03:11:39:01,03:11:39,19:11:39,01,BDO,,,
49_135,49,1,03:11:45:29,03:11:45,19:11:45,29,GGF,2,,
49_135,49,1,03:13:54:27,03:13:54,19:13:54,27,BDO,,,
49_135,49,1,03:14:09:17,03:14:09,19:14:09,17,GGF,3,,
49_135,49,1,03:17:31:06,03:17:31,19:17:31,06,BDO,,,
49_135,49,1,03:17:56:02,03:17:56,19:17:56,02,BPV,,,
49_135,49,1,03:18:04:13,03:18:04,19:18:04,13,GGF,4,,
49_135,49,1,03:19:52:21,03:19:52,19:19:52,21,BPV,,,
49_135,49,1,03:20:01:15,03:20:01,19:20:01,15,GGF,5,,
49_135,49,1,03:20:24:13,03:20:24,19:20:24,13,BGB,,,
49_135,49,1,03:22:20:17,03:22:20,19:22:20,17,GGF,6,,
49_135,49,1,03:23:55:05,03:23:55,19:23:55,05,BLB,,,
49_135,49,1,03:24:09:12,03:24:09,19:24:09,12,BRB,,,
49_135,49,1,03:24:50:10,03:24:50,19:24:50,10,GGF,7,,
49_135,49,1,03:31:48:25,03:31:48,19:31:48,25,BDO,,,
49_135,49,1,03:32:19:15,03:32:19,19:32:19,15,GGF,8,,
49_135,49,1,03:35:37:26,03:35:37,19:35:37,26,BDO,,,
49_135,49,1,03:36:16:18,03:36:16,19:36:16,18,GGF,9,,
49_135,49,1,03:49:28:13,03:49:28,19:49:28,13,GGF,9,End,
51_0,51,1,00:55:26:19,00:55:26,16:55:26,19,GGF,1,Start,
51_0,51,1,01:25:21:05,01:25:21,17:25:21,05,BPV,,,
51_0,51,1,01:25:28:10,01:25:28,17:25:28,10,GGF,2,,
51_0,51,1,01:28:33:26,01:28:33,17:28:33,26,GGF,2,End,
52_45,52,1,23:37:18:02,23:37:18,15:37:18,02,GGF,1,Start,
52_45,52,1,23:57:58:05,23:57:58,15:57:58,05,BLB,,,
52_45,52,1,23:58:14:15,23:58:14,15:58:14,15,GGF,2,,
52_45,52,1,23:58:36:04,23:58:36,15:58:36,04,BLB,,,
52_45,52,1,23:58:55:04,23:58:55,15:58:55,04,GGF,3,,
52_45,52,1,00:00:43:28,00:00:43,16:00:43,28,BLB,,,
52_45,52,1,00:00:56:11,00:00:56,16:00:56,11,GGF,4,,
52_45,52,1,00:01:43:20,00:01:43,16:01:43,20,BLB,,,
52_45,52,1,00:01:49:21,00:01:49,16:01:49,21,GGF,5,,
52_45,52,1,00:03:51:03,00:03:51,16:03:51,03,BPV,,,
52_45,52,1,00:03:56:04,00:03:56,16:03:56,04,GGF,6,,
52_45,52,1,00:04:06:00,00:04:06,16:04:06,00,BPV,,,
52_45,52,1,00:04:15:11,00:04:15,16:04:15,11,GGF,7,,
52_45,52,1,00:04:19:11,00:04:19,16:04:19,11,BPV,,,
52_45,52,1,00:05:08:13,00:05:08,16:05:08,13,GGF,8,,
52_45,52,1,00:13:43:15,00:13:43,16:13:43,15,GGF,8,End,
56_45,56,1,03:38:38:08,03:38:38,19:38:38,08,GGF,1,Start,
56_45,56,1,03:52:28:02,03:52:28,19:52:28,02,GRB,,,
56_45,56,1,03:52:28:02,03:52:28,19:52:28,02,GGF,2,,
56_45,56,1,04:17:51:18,04:17:51,20:17:51,18,GGF,2,End,
57_90,57,1,13:25:29:24,13:25:29,05:25:29,24,GGF,1,Start,time code bad on SL
57_90,57,1,13:29:00:19,13:29:00,05:29:00,19,BRB,,,
57_90,57,1,13:30:07:06,13:30:07,05:30:07,06,GGF,2,,
57_90,57,1,14:07:49:19,14:07:49,06:07:49,19,GGF,2,End,"video ends abruptly, no head shake"
59_135,59,1,15:24:03:08,15:24:03,07:24:03,08,GGF,1,Start,
59_135,59,1,15:25:33:23,15:25:33,07:25:33,23,BDO,,,
59_135,59,1,15:25:45:04,15:25:45,07:25:45,04,GGF,2,,
59_135,59,1,15:26:57:23,15:26:57,07:26:57,23,BLB,,,
59_135,59,1,15:27:16:03,15:27:16,07:27:16,03,BRB,,,pause and restart
59_135,59,1,15:28:48:14,15:28:48,07:28:48,14,GGF,3,,
59_135,59,1,15:33:38:12,15:33:38,07:33:38,12,BPV,,,
59_135,59,1,15:33:52:08,15:33:52,07:33:52,08,GGF,4,,
59_135,59,1,15:34:08:12,15:34:08,07:34:08,12,BPV,,,
59_135,59,1,15:34:19:28,15:34:19,07:34:19,28,GGF,5,,
59_135,59,1,15:43:56:24,15:43:56,07:43:56,24,BDO,,,
59_135,59,1,15:44:07:02,15:44:07,07:44:07,02,GGF,6,,
59_135,59,1,16:05:06:05,16:05:06,08:05:06,05,GRB,,,
59_135,59,1,16:05:15:04,16:05:15,08:05:15,04,GGF,7,,
59_135,59,1,16:06:40:29,16:06:40,08:06:40,29,GGF,7,End,
,,,,,,,,,,
