filename,frame,time_hms,period,period_time_hms,length_mm,precision_mm,rms_mm,range_mm,direction_deg,horz_dir_deg,vert_dir_deg,mid_x_mm,mid_y_mm,mid_z_mm,op_code,tape_reader,depth,comment,year,dive,transect_number,dive_type,family,genus,species,code,number,stage,activity,check_id,comment_1,event_time_hh_mm_ss,mgmt_area,time_mins,period_time_mins,rms_2_mm,time_akdt,dive_no,transect_no,dive_trans
SL_2018NSEO_Dive_03_15-52-41.000.avi,57113,24:27.7,NA,NA,456.111,7.559,6.333,2158.832,8.678,27.405,66.796,-116.762,-304.096,-2134.115,1,KelliiWood,75,N/A,2018,3,71,Line,rockfish,black,142,142,84,,Fish moving quickly into frame,,NA,NA,NSEO,NA,NA,NA,NA,3,71,3_71
SL_2018NSEO_Dive_03_15-52-41.000.avi,58088,25:00.2,NA,NA,498.502,98.216,2.77,4417.324,14.736,89.445,36.645,1029.104,451.151,-4272.02,1,KelliiWood,75,N/A,2018,3,71,Line,rockfish,black,142,142,85,,Fish resting on bottom,,NA,NA,NSEO,NA,NA,NA,NA,3,71,3_71
SL_2018NSEO_Dive_04_17-13-07.000.avi,28643,29:04.8,NA,NA,246.428,15.569,0.345,2671.852,17.199,11.824,0.896,749.087,251.081,-2552.375,1,KelliiWood,50,N/A,2018,4,73,Line,rockfish,black,142,142,15,,Attracted,,NA,NA,NSEO,NA,NA,NA,NA,4,73,4_73
SL_2018NSEO_Dive_04_17-13-07.000.avi,28895,29:13.2,NA,NA,305.49,3.892,0.481,1893.225,13.637,3.246,61.711,387.573,221.434,-1839.852,1,KelliiWood,50,N/A,2018,4,73,Line,rockfish,black,142,142,16,,Attracted,,NA,NA,NSEO,NA,NA,NA,NA,4,73,4_73
SL_2018NSEO_Dive_05_08-01-08.000.avi,50455,29:14.8,NA,NA,240.789,52.031,1.274,3752.234,13.114,34.008,1.105,-833.763,-172.04,-3654.382,1,KelliiWood,65,N/A,2018,5,65,Line,rockfish,black,142,142,40,,Fish resting on bottom,,NA,NA,NSEO,NA,NA,NA,NA,5,65,5_65
SL_2018NSEO_Dive_08_11-54-23.000.avi,33045,12:45.5,NA,NA,551.345,47.528,1.069,4242.373,20.933,28.001,30.224,473.405,1439.9,-3962.361,1,KelliiWood,100,N/A,2018,8,63,Line,rockfish,black,142,142,38,,Fish actively swimming in frame,,NA,NA,NSEO,NA,NA,NA,NA,8,63,8_63
SL_2018NSEO_Dive_30_14-03-00.000.avi,1452,03:49.4,NA,NA,381.01,16.065,0.717,2479.148,24.27,19.006,22.182,-933.204,409.27,-2260.045,1,KelliiWood,Not recorded,N/A,2018,30,39,Line,rockfish,black,142,142,1,,,,NA,NA,NSEO,NA,NA,NA,NA,30,39,30_39
SL_2018NSEO_Dive_30_14-03-00.000.avi,1914,04:04.8,NA,NA,405.669,6.097,1.317,2134.881,16.221,4.478,31.427,-337.795,491.487,-2049.89,1,KelliiWood,Not recorded,N/A,2018,30,39,Line,rockfish,black,142,142,2,,,,NA,NA,NSEO,NA,NA,NA,NA,30,39,30_39
SL_2018NSEO_Dive_30_14-03-00.000.avi,6355,06:32.8,NA,NA,500.057,10.675,1.277,2645.476,15.017,12.972,14.015,-21.403,685.139,-2555.126,1,KelliiWood,Not recorded,N/A,2018,30,39,Line,rockfish,black,142,142,4,,,,NA,NA,NSEO,NA,NA,NA,NA,30,39,30_39
SL_2018NSEO_Dive_30_14-03-00.000.avi,10672,08:56.7,NA,NA,379.294,8.298,1.893,1964.407,3.485,18.169,1.4,-5.203,119.304,-1960.774,1,KelliiWood,Not recorded,N/A,2018,30,39,Line,rockfish,black,142,142,8,,,,NA,NA,NSEO,NA,NA,NA,NA,30,39,30_39
SL_2018NSEO_Dive_30_14-03-00.000.avi,60631,36:42.0,NA,NA,589.349,17.376,3.901,2761.795,18.732,8.505,6.183,867.927,182.553,-2615.509,1,KelliiWood,Not recorded,N/A,2018,30,39,Line,rockfish,black,142,142,23,,,,NA,NA,NSEO,NA,NA,NA,NA,30,39,30_39
SL_2018CSEO_Dive_10_10-11-03.000.avi,50647,39:13.2,NA,NA,377.972,58.59,1.454,5415.295,18.776,1.061,10.82,-1737.488,-138.952,-5127.109,1,KelliiWood,90,N/A,2018,10,101,Line,rockfish,black,142,142,33,,,,,NA,CSEO,NA,NA,NA,NA,10,101,10_101
SL_2018CSEO_Dive_35_11-12-52.000.avi,84,12:56.8,NA,NA,442.999,24.701,1.606,3295.419,20.035,7.01,4.085,-1125.783,84.726,-3096.001,1,KelliiWood,90,N/A,2018,35,80,Line,rockfish,black,142,142,2,,,,,NA,CSEO,NA,NA,NA,NA,35,80,35_80
SL_2018CSEO_Dive_35_11-12-52.000.avi,84,12:56.8,NA,NA,668.709,62.394,1.673,3783.467,9.937,42.864,6.477,167.687,631.007,-3726.706,1,KelliiWood,90,N/A,2018,35,80,Line,rockfish,black,142,142,3,,,,,NA,CSEO,NA,NA,NA,NA,35,80,35_80
SL_2018CSEO_Dive_35_11-12-52.000.avi,394,13:07.1,NA,NA,510.457,21.317,1.845,2639.773,16.482,37.522,40.763,521.539,-537.518,-2531.299,1,KelliiWood,90,N/A,2018,35,80,Line,rockfish,black,142,142,6,,,,,NA,CSEO,NA,NA,NA,NA,35,80,35_80
SL_2018CSEO_Dive_35_11-12-52.000.avi,1035,13:28.5,NA,NA,443.459,18.003,0.228,2652.18,11.242,23.249,16.81,329.937,398.101,-2601.291,1,KelliiWood,90,N/A,2018,35,80,Line,rockfish,black,142,142,7,,,,,NA,CSEO,NA,NA,NA,NA,35,80,35_80
SL_2018CSEO_Dive_35_11-12-52.000.avi,16547,22:05.6,NA,NA,583.791,313.123,8.251,8504.253,16.893,45.355,5.865,1129.487,2198.035,-8137.274,1,KelliiWood,90,N/A,2018,35,80,Line,rockfish,black,142,142,35,,,,,NA,CSEO,NA,NA,NA,NA,35,80,35_80
SL_2018CSEO_Dive_35_11-12-52.000.avi,16817,22:14.6,NA,NA,660.888,102.255,1.037,5869.78,29.588,25.349,18.236,-2731.649,968.508,-5104.351,1,KelliiWood,90,N/A,2018,35,80,Line,rockfish,black,142,142,38,,,,,NA,CSEO,NA,NA,NA,NA,35,80,35_80
SL_2018CSEO_Dive_35_11-12-52.000.avi,17586,22:40.2,NA,NA,526.414,29.632,1.365,4619.163,7.248,9.505,1.354,-572.51,-108.801,-4582.255,1,KelliiWood,90,N/A,2018,35,80,Line,rockfish,black,142,142,50,,,,,NA,CSEO,NA,NA,NA,NA,35,80,35_80
SL_2018CSEO_Dive_35_11-12-52.000.avi,17586,22:40.2,NA,NA,651.464,73.952,3.498,5018.978,21.507,23.231,5.99,-1631.572,850.672,-4669.526,1,KelliiWood,90,N/A,2018,35,80,Line,rockfish,black,142,142,51,,,,,NA,CSEO,NA,NA,NA,NA,35,80,35_80
SL_2018CSEO_Dive_35_11-12-52.000.avi,17586,22:40.2,NA,NA,444.199,162.471,2.179,6450.331,18.379,39.785,8.99,-1361.212,1511.076,-6121.316,1,KelliiWood,90,N/A,2018,35,80,Line,rockfish,black,142,142,52,,,,,NA,CSEO,NA,NA,NA,NA,35,80,35_80
SL_2018CSEO_Dive_35_11-12-52.000.avi,17586,22:40.2,NA,NA,515.886,84.676,0.795,5992.808,15.753,19.422,11.475,-1232.594,1061.916,-5767.737,1,KelliiWood,90,N/A,2018,35,80,Line,rockfish,black,142,142,53,,,,,NA,CSEO,NA,NA,NA,NA,35,80,35_80
SL_2018CSEO_Dive_35_11-12-52.000.avi,17586,22:40.2,NA,NA,633.905,212.662,0.426,7819.745,14.082,37.332,25.835,904.493,1673.939,-7584.737,1,KelliiWood,90,N/A,2018,35,80,Line,rockfish,black,142,142,54,,,,,NA,CSEO,NA,NA,NA,NA,35,80,35_80
SL_2018CSEO_Dive_35_11-12-52.000.avi,17787,22:46.9,NA,NA,528.774,19.176,3.837,3841.296,13.496,3.907,10.288,-683.284,-580.289,-3735.23,1,KelliiWood,90,N/A,2018,35,80,Line,rockfish,black,142,142,58,,,,,NA,CSEO,NA,NA,NA,NA,35,80,35_80
SL_2018SSEO_Dive_03_12-02-36.000.avi,7338,06:47.6,NA,,420.733,80.302,2.065,4360.808,27.212,51.097,10.996,-1918.847,-542.659,-3878.168,1,KelliiWood,0,N/A,2018,3,46,Line,rockfish,black,142,142,13,,,,,NA,SSEO,NA,NA,NA,NA,3,46,3_46
SL_2018SSEO_Dive_03_12-02-36.000.avi,7338,06:47.6,NA,,557.378,142.119,4.111,5882.189,18.601,47.152,25.371,-1493.441,1135.843,-5574.911,1,KelliiWood,0,N/A,2018,3,46,Line,rockfish,black,142,142,15,,,,,NA,SSEO,NA,NA,NA,NA,3,46,3_46
SL_2018SSEO_Dive_03_12-02-36.000.avi,7338,06:47.6,NA,,415.561,61.68,3.72,5379.483,29.437,20.157,54.517,-1918.05,1819.652,-4684.953,1,KelliiWood,0,N/A,2018,3,46,Line,rockfish,black,142,142,16,,,,,NA,SSEO,NA,NA,NA,NA,3,46,3_46
SL_2018SSEO_Dive_03_12-02-36.000.avi,7633,06:57.4,NA,,496.847,4.727,3.372,1785.247,9.231,12.153,36.686,147.151,245.695,-1762.126,1,KelliiWood,0,N/A,2018,3,46,Line,rockfish,black,142,142,20,,Attracted,,,NA,SSEO,NA,NA,NA,NA,3,46,3_46
SL_2018SSEO_Dive_03_12-02-36.000.avi,7633,06:57.4,NA,,501.961,8.999,1.504,2710.487,18.04,6.856,58.646,834.639,-89.174,-2577.24,1,KelliiWood,0,N/A,2018,3,46,Line,rockfish,black,142,142,21,,,,,NA,SSEO,NA,NA,NA,NA,3,46,3_46
SL_2018SSEO_Dive_03_12-02-36.000.avi,7633,06:57.4,NA,,385.212,42.821,2.838,4095.39,15.525,23.133,28.294,-1094.305,-63.484,-3945.971,1,KelliiWood,0,N/A,2018,3,46,Line,rockfish,black,142,142,22,,,,,NA,SSEO,NA,NA,NA,NA,3,46,3_46
SL_2018SSEO_Dive_03_12-02-36.000.avi,43794,27:02.8,NA,,531.844,30.178,1.217,2814.168,17.624,50.125,37.895,-850.423,-52.407,-2682.084,1,KelliiWood,0,N/A,2018,3,46,Line,rockfish,black,142,142,30,,Fish resting on bottom,,,NA,SSEO,NA,NA,NA,NA,3,46,3_46
SL_2018SSEO_Dive_03_12-02-36.000.avi,44968,27:41.9,NA,,510.793,3.599,0.686,1408.321,20.712,11.479,15.265,141.323,-477.603,-1317.305,1,KelliiWood,0,N/A,2018,3,46,Line,rockfish,black,142,142,31,,Attracted,,,NA,SSEO,NA,NA,NA,NA,3,46,3_46
SL_2018SSEO_Dive_03_12-02-36.000.avi,54258,32:51.6,NA,,513.352,6.777,2.862,1800.615,28.467,0.047,33.454,-671.25,-534.845,-1582.902,1,KelliiWood,0,N/A,2018,3,46,Line,rockfish,black,142,142,49,,Fish actively swimming in frame,,,NA,SSEO,NA,NA,NA,NA,3,46,3_46
SL_2018SSEO_Dive_03_12-02-36.000.avi,56518,34:06.9,NA,,482.54,22.288,3.074,3712.801,12.936,7.93,16.54,796.274,238.311,-3618.57,1,KelliiWood,0,N/A,2018,3,46,Line,rockfish,black,142,142,53,,Fish resting on bottom,,,NA,SSEO,NA,NA,NA,NA,3,46,3_46
SL_2018SSEO_Dive_05_14-55-21.000.avi,68103,33:14.1,NA,7:33:14,500.364,60.489,4.25,3881.158,17.158,47.767,31.175,1021.754,516.661,-3708.432,1,KelliiWood,0,N/A,2018,5,48,Line,rockfish,black,142,142,61,,,,,NA,SSEO,NA,NA,NA,NA,5,48,5_48
SL_2018SSEO_Dive_09_07-57-18.000.avi,28427,0:13:11,NA,16:13:11,582.003,67.195,1.098,4255.714,26.505,47.634,29.381,821.334,1712.443,-3808.418,1,KelliiWood,0,N/A,2018,9,57,Line,rockfish,black,142,142,13,,,,,NA,SSEO,NA,NA,NA,NA,9,57,9_57
SL_2018SSEO_Dive_12_12-58-50.000.avi,10754,13:04:53,NA,5:04:53,259.574,26.386,1.763,2459.698,26.806,62.78,27.481,670.189,883.894,-2195.38,1,KelliiWood,0,N/A,2018,12,60,Line,rockfish,black,142,142,7,,Fish milling/hovering,,,NA,SSEO,NA,NA,NA,NA,12,60,12_60
SL_2018SSEO_Dive_18_06-23-09.000.avi,35170,6:42:44,NA,,208.558,32.7,3.699,2652.273,18.52,49.745,10.848,-827.771,-156.637,-2514.918,1,KelliiWood,0,N/A,2018,18,66,Line,rockfish,black,142,142,9,JV,Fish resting on bottom,,Assuming JV by size.,NA,SSEO,NA,NA,NA,NA,18,66,18_66
SL_2018SSEO_Dive_31_16-12-26.000.avi,31156,16:29:54,NA,,519.17,28.381,1.386,3383.501,25.455,26.685,20.026,-65.814,1452.733,-3055.047,1,KelliiWood,0,N/A,2018,31,41,Line,rockfish,black,142,142,22,,,,,NA,SSEO,NA,NA,NA,NA,31,41,31_41
SL_2018SSEO_Dive_31_16-12-26.000.avi,43892,16:36:58,NA,,379.348,114.199,1.892,5384.395,27.837,45.652,6.828,-2098.594,1384.69,-4761.328,1,KelliiWood,0,N/A,2018,31,41,Line,rockfish,black,142,142,54,,,,,NA,SSEO,NA,NA,NA,NA,31,41,31_41
SL_2018SSEO_Dive_31_16-12-26.000.avi,44093,16:37:05,NA,,485.202,42.338,5.459,3845.608,32.559,35.86,31.328,-1887.398,848.999,-3241.239,1,KelliiWood,0,N/A,2018,31,41,Line,rockfish,black,142,142,56,,,,,NA,SSEO,NA,NA,NA,NA,31,41,31_41
SL_2018SSEO_Dive_31_16-12-26.000.avi,44676,16:37:24,NA,,361.904,21.789,2.246,2366.54,28.617,72.387,36.894,-1092.373,302.45,-2077.44,1,KelliiWood,0,N/A,2018,31,41,Line,rockfish,black,142,142,58,,,,,NA,SSEO,NA,NA,NA,NA,31,41,31_41
SL_2018SSEO_Dive_31_16-12-26.000.avi,44720,16:37:26,NA,,635.228,44.318,5.456,3532.665,28.797,65.457,45.143,-1276.225,1125.653,-3095.784,1,KelliiWood,0,N/A,2018,31,41,Line,rockfish,black,142,142,59,,,,,NA,SSEO,NA,NA,NA,NA,31,41,31_41
SL_2018SSEO_Dive_31_16-12-26.000.avi,44764,16:37:27,NA,,380.823,6.355,2.409,2227.263,27.248,10.164,64.933,-1018.499,-50.561,-1980.101,1,KelliiWood,0,N/A,2018,31,41,Line,rockfish,black,142,142,60,,,,,NA,SSEO,NA,NA,NA,NA,31,41,31_41
SL_2018SSEO_Dive_31_16-12-26.000.avi,44860,16:37:30,NA,,503.639,16.604,5.138,3486.361,30.143,7.122,72.889,-1594.553,722.764,-3014.917,1,KelliiWood,0,N/A,2018,31,41,Line,rockfish,black,142,142,61,,,,,NA,SSEO,NA,NA,NA,NA,31,41,31_41
SL_2018SSEO_Dive_31_16-12-26.000.avi,45042,16:37:36,NA,,491.571,14.059,7.123,2438.942,9.871,48.763,63.752,-217.033,-357.363,-2402.837,1,KelliiWood,0,N/A,2018,31,41,Line,rockfish,black,142,142,62,,,,,NA,SSEO,NA,NA,NA,NA,31,41,31_41
SL_2018SSEO_Dive_31_16-12-26.000.avi,45099,16:37:38,NA,,468.508,9.578,0.445,2463.454,23.094,0.202,36.121,-406.221,876.712,-2266.047,1,KelliiWood,0,N/A,2018,31,41,Line,rockfish,black,142,142,63,,,,,NA,SSEO,NA,NA,NA,NA,31,41,31_41
SL_2018SSEO_Dive_31_16-12-26.000.avi,45337,16:37:46,NA,,520.339,3.129,2.112,1220.885,21.392,12.323,22.968,-296.415,-332.318,-1136.777,1,KelliiWood,0,N/A,2018,31,41,Line,rockfish,black,142,142,65,,,,,NA,SSEO,NA,NA,NA,NA,31,41,31_41
SL_2018SSEO_Dive_31_16-12-26.000.avi,45387,16:37:48,NA,,526.633,4.092,3.286,1546.488,24.325,4.418,20.873,296.991,563.543,-1409.199,1,KelliiWood,0,N/A,2018,31,41,Line,rockfish,black,142,142,67,,,,,NA,SSEO,NA,NA,NA,NA,31,41,31_41
SL_2018SSEO_Dive_31_16-12-26.000.avi,45505,16:37:52,NA,,515.798,12.005,2.485,2014.687,11.963,32,34.831,253.504,-331.872,-1970.929,1,KelliiWood,0,N/A,2018,31,41,Line,rockfish,black,142,142,68,,,,,NA,SSEO,NA,NA,NA,NA,31,41,31_41
SL_2018SSEO_Dive_31_16-12-26.000.avi,45505,16:37:52,NA,,516.137,8.629,1.232,1805.42,16.057,21.596,20.638,-478.489,-142.845,-1734.989,1,KelliiWood,0,N/A,2018,31,41,Line,rockfish,black,142,142,69,,,,,NA,SSEO,NA,NA,NA,NA,31,41,31_41
SL_2018SSEO_Dive_31_16-12-26.000.avi,45505,16:37:52,NA,,509.85,17.621,3.123,2814.851,31.695,5.187,1.373,-1151.41,928.113,-2395.047,1,KelliiWood,0,N/A,2018,31,41,Line,rockfish,black,142,142,70,,,,,NA,SSEO,NA,NA,NA,NA,31,41,31_41
SL_2018SSEO_Dive_31_16-12-26.000.avi,50040,16:40:23,NA,,528.337,127.718,1.413,5159.825,22.287,60.435,18.482,-1482.722,1277.072,-4774.35,1,KelliiWood,0,N/A,2018,31,41,Line,rockfish,black,142,142,94,,,,,NA,SSEO,NA,NA,NA,NA,31,41,31_41
SL_2018SSEO_Dive_31_16-12-26.000.avi,50040,16:40:23,NA,,629.128,169.622,1.096,6068.561,25.809,68.555,26.091,-1764.873,1966.22,-5463.207,1,KelliiWood,0,N/A,2018,31,41,Line,rockfish,black,142,142,95,,,,,NA,SSEO,NA,NA,NA,NA,31,41,31_41
SL_2020_SSEO_Dive_11_10-55-15.000.avi,49328,11:59:02,NA,NA,453.112,28.484,0.252,3267.889,25.895,21.53,40.725,1404.501,253.269,-2939.784,1,KelliiWood,110,N/A,2020,11,27,Line,rockfish,black,142,142,11,,,NA,,NA,SSEO,NA,NA,NA,NA,11,27,11_27
SL_2020_SSEO_Dive_11_10-55-15.000.avi,50701,11:59:48,NA,NA,487.494,26.926,0.427,3111.568,23.645,14.648,5.348,-1059.995,658.614,-2850.35,1,KelliiWood,110,N/A,2020,11,27,Line,rockfish,black,142,142,12,,,NA,,NA,SSEO,NA,NA,NA,NA,11,27,11_27
SL_2020_SSEO_Dive_11_10-55-15.000.avi,53370,12:01:17,NA,NA,488.642,27.602,2.899,4079.718,15.075,9.972,40.713,-912.901,540.759,-3939.326,1,KelliiWood,110,N/A,2020,11,27,Line,rockfish,black,142,142,19,,,NA,,NA,SSEO,NA,NA,NA,NA,11,27,11_27
SL_2020_SSEO_Dive_11_10-55-15.000.avi,55760,12:02:37,NA,NA,403.997,54.338,0.808,4622.976,0.882,22.337,24.465,-20.804,-68.078,-4622.428,1,KelliiWood,110,N/A,2020,11,27,Line,rockfish,black,142,142,28,,,NA,,NA,SSEO,NA,NA,NA,NA,11,27,11_27
SL_2020_SSEO_Dive_29_15-17-12.000.avi,103616,17:03:07,NA,NA,580.37,106.774,3.289,6316.693,16.148,23.107,11.551,278.507,1734.632,-6067.462,1,KelliiWood,70,N/A,2020,29,17,Line,rockfish,black,142,142,86,,,NA,,NA,SSEO,NA,NA,NA,NA,29,17,29_17
SL_2020_SSEO_Dive_33_15-37-46.000.avi,69214,18:29:56,NA,NA,275.72,22.602,1.665,3188.102,28.66,18.277,49.951,1506.239,263.062,-2797.506,1,KelliiWood,70,N/A,2020,33,31,Line,rockfish,black,142,142,56,,,NA,,NA,SSEO,NA,NA,NA,NA,33,31,33_31
SL_2022_CSEO_Dive_03_12-54-47.000.avi,54241,13:34:15,NA,NA,444.303,37.775,2.432,3259.888,24.633,37.632,33.299,-613.341,1212.441,-2963.22,1,KelliiWood,95,N/A,2022,3,17,Line,rockfish,black,142,142,50,,,NA,,NA,CSEO,NA,NA,NA,NA,3,17,3_17
SL_2022_CSEO_Dive_03_12-54-47.000.avi,55539,13:34:58,NA,NA,500.069,42.828,2.675,3824.357,25.644,24.838,10.046,-871.239,1407.245,-3447.654,1,KelliiWood,95,N/A,2022,3,17,Line,rockfish,black,142,142,53,,,NA,,NA,CSEO,NA,NA,NA,NA,3,17,3_17
SL_2022_CSEO_Dive_21_14-01-05.000.avi,1416,14:18:27,NA,NA,589.345,32.244,0.513,2840.389,7.103,34.305,16.124,126.545,-327.632,-2818.591,1,KelliiWood,100,N/A,2022,21,22,Line,rockfish,black,142,142,4,,Fish resting on bottom,NA,,NA,CSEO,NA,NA,NA,NA,21,22,21_22
SL_2022_CSEO_Dive_21_14-01-05.000.avi,1703,14:18:37,NA,NA,609.709,132.374,0.603,4802.388,27.031,70.945,1.457,-2141.831,419.49,-4277.794,1,KelliiWood,100,N/A,2022,21,22,Line,rockfish,black,142,142,7,,Fish milling/hovering,NA,,NA,CSEO,NA,NA,NA,NA,21,22,21_22
SL_2022_CSEO_Dive_21_14-01-05.000.avi,2718,14:19:11,NA,NA,482.561,20.714,0.519,3730.921,6.117,12.269,29.618,253.132,306.595,-3709.675,1,KelliiWood,100,N/A,2022,21,22,Line,rockfish,black,142,142,13,,Fish resting on bottom,NA,,NA,CSEO,NA,NA,NA,NA,21,22,21_22
SL_2022_CSEO_Dive_23_08-12-26.000.avi,55274,8:58:46,NA,NA,520.834,114.15,0.793,5996.984,17.287,26.89,7.09,-841.544,1570.852,-5726.085,1,KelliiWood,85,N/A,2022,23,26,Line,rockfish,black,142,142,60,,,NA,,NA,CSEO,NA,NA,NA,NA,23,26,23_26
SL_2022_CSEO_Dive_23_08-12-26.000.avi,62747,9:02:56,NA,NA,515.491,56.644,0.996,3486.6,31.129,56.107,8.124,-1325.668,1221.282,-2984.536,1,KelliiWood,85,N/A,2022,23,26,Line,rockfish,black,142,142,69,,,NA,,NA,CSEO,NA,NA,NA,NA,23,26,23_26
SL_2022_CSEO_Dive_23_08-12-26.000.avi,63044,9:03:05,NA,NA,480.197,4.906,2.085,1273.921,24.657,21.669,9.178,-380.249,371.29,-1157.768,1,KelliiWood,85,N/A,2022,23,26,Line,rockfish,black,142,142,73,,,NA,,NA,CSEO,NA,NA,NA,NA,23,26,23_26
SL_2022_CSEO_Dive_23_08-12-26.000.avi,69443,9:06:39,NA,NA,515.137,74.503,1.099,4007.672,21.745,45.67,0.036,-382.887,1434.534,-3722.492,1,KelliiWood,85,N/A,2022,23,26,Line,rockfish,black,142,142,91,,,NA,,NA,CSEO,NA,NA,NA,NA,23,26,23_26
SL_2022_NSEO_Dive_29_09-22-56.000.avi,42074,10:00:44,NA,NA,623.447,82.597,3.148,4446.273,24.935,35.63,11.927,-1868.003,155.639,-4031.834,1,EricaEbert,75,N/A,2022,29,29,Line,rockfish,black,142,142,61,AD,Passing,NA,,NA,NSEO,NA,NA,NA,NA,29,29,29_29
SL_2022_NSEO_Dive_29_09-22-56.000.avi,42624,10:01:03,NA,NA,629.389,100.946,3.982,4413.407,23.932,51.75,4.695,-1649.891,-694.95,-4033.989,1,EricaEbert,75,N/A,2022,29,29,Line,rockfish,black,142,142,69,AD,Passing,NA,,NA,NSEO,NA,NA,NA,NA,29,29,29_29
SL_2022_NSEO_Dive_30_10-20-24.000.avi,52902,11:49:43,NA,NA,406.939,27.791,1.412,3003.321,23.598,14.627,1.438,-1184.215,207.668,-2752.171,1,EricaEbert,70,N/A,2022,30,34,Line,rockfish,black,142,142,1,AD,Passing,NA,,NA,NSEO,NA,NA,NA,NA,30,34,30_34
SL_2022_NSEO_Dive_30_10-20-24.000.avi,55471,11:51:09,NA,NA,507.154,54.413,2.706,3692.467,18.727,35.344,8.364,657.303,986.578,-3496.988,1,EricaEbert,70,N/A,2022,30,34,Line,rockfish,black,142,142,1,AD,Passing,NA,,NA,NSEO,NA,NA,NA,NA,30,34,30_34
SL_2022_NSEO_Dive_30_10-20-24.000.avi,56064,11:51:29,NA,NA,395.741,35.993,2.698,3049.64,15.796,29.719,2.158,-829.957,-18.602,-2934.472,1,EricaEbert,70,N/A,2022,30,34,Line,rockfish,black,142,142,1,AD,Passing,NA,,NA,NSEO,NA,NA,NA,NA,30,34,30_34
SL_2022_NSEO_Dive_30_10-20-24.000.avi,89971,12:10:19,NA,NA,573.35,21.836,0.456,3340.176,26.093,1.738,12.484,-921.014,1144.564,-2999.748,1,EricaEbert,70,N/A,2022,30,34,Line,rockfish,black,142,142,9,AD,Passing,NA,,NA,NSEO,NA,NA,NA,NA,30,34,30_34
SL_2022_NSEO_Dive_31_12-13-24.000.avi,8120,13:36:00,NA,NA,639.634,193.478,1.171,5454.833,13.902,66.454,4.22,-1297.953,-181.499,-5295.052,1,EricaEbert,60,N/A,2022,31,30,Line,rockfish,black,142,142,1,AD,Passing,NA,,,NSEO,NA,NA,NA,NA,31,30,31_30
SL_2022_NSEO_Dive_31_12-13-24.000.avi,8179,13:36:02,NA,NA,581.399,85.262,1.013,4007.534,14.841,47.832,7.031,-963.877,-353.052,-3873.838,1,EricaEbert,60,N/A,2022,31,30,Line,rockfish,black,142,142,1,AD,Passing,NA,,,NSEO,NA,NA,NA,NA,31,30,31_30
SL_2022_NSEO_Dive_35_12-09-42.000.avi,26951,12:52:41,NA,NA,467.051,9.052,0.759,2328.53,16.119,2.95,1.412,-465.751,-448.348,-2236.988,1,EricaEbert,NA,N/A,2022,35,35,Line,rockfish,black,142,142,1,AD,Passing,NA,,NA,NSEO,NA,NA,NA,NA,35,35,35_35
SL_2022_NSEO_Dive_35_12-09-42.000.avi,29475,12:54:06,NA,NA,484.902,35.302,1.055,2875.811,15.043,34.572,0.097,-743.515,-65.357,-2777.266,1,EricaEbert,NA,N/A,2022,35,35,Line,rockfish,black,142,142,1,AD,Passing,NA,,NA,NSEO,NA,NA,NA,NA,35,35,35_35
SL_2022_NSEO_Dive_35_12-09-42.000.avi,42964,13:01:35,NA,NA,626.769,54.943,1.398,2992.031,4.625,55.714,5.608,-118.763,209.985,-2982.29,1,EricaEbert,NA,N/A,2022,35,35,Line,rockfish,black,142,142,27,AD,Passing,NA,,NA,NSEO,NA,NA,NA,NA,35,35,35_35
SL_2022_NSEO_Dive_35_12-09-42.000.avi,43066,13:01:39,NA,NA,579.808,42.925,0.354,3078.567,6.032,37.965,4.225,-21.807,322.777,-3061.522,1,EricaEbert,NA,N/A,2022,35,35,Line,rockfish,black,142,142,27,AD,Passing,NA,,NA,NSEO,NA,NA,NA,NA,35,35,35_35
SL_2022_NSEO_Dive_35_12-09-42.000.avi,85077,13:24:59,NA,NA,438.791,19.845,0.734,2830.178,17.078,17.407,0.365,524.936,644.427,-2705.376,1,EricaEbert,NA,N/A,2022,35,35,Line,rockfish,black,142,142,38,AD,Passing,NA,,NA,NSEO,NA,NA,NA,NA,35,35,35_35
SL_2023_EYKT_Dive_21_11-20-03.000.avi,19067,11:35:36,NA,NA,589.239,15.442,2.875,3330.906,2.985,12.699,37.874,72.713,157.474,-3326.387,1,Laura Coleman,75,N/A,2023,21,27,Line,rockfish,black,142,142,44,,,NA,,NA,EYKT,NA,NA,NA,NA,21,27,21_27
SL_2023_EYKT_Dive_21_11-20-03.000.avi,35627,11:44:48,NA,NA,502.594,17.711,2.732,2012.05,25.646,42.156,5.482,625.352,606.049,-1813.831,1,Laura Coleman,75,N/A,2023,21,27,Line,rockfish,black,142,142,70,,,NA,,NA,EYKT,NA,NA,NA,NA,21,27,21_27
